"","id.exposure","id.outcome","outcome","exposure","method","nsnp","b","se","pval","tissue","lo_ci","up_ci","or","or_lci95","or_uci95"
"1","0VIWnb","ebi-a-GCST90027158","Alzheimer's disease || id:ebi-a-GCST90027158","LACTB","Wald ratio",1,0.107710201,0.02072334,2.02e-07,"Adult Cortex",0.0670924546,0.1483279474,1.11372494224018,1.06939434403055,1.15989321796193
"2","2ZJa6P","ebi-a-GCST90027158","Alzheimer's disease || id:ebi-a-GCST90027158","PVR","Wald ratio",1,-0.167431907,0.035198753,1.97e-06,"Adult Cortex",-0.23642146288,-0.09844235112,0.845834210716878,0.789447880830295,0.906247935286862
"3","3IxE4L","ebi-a-GCST90027158","Alzheimer's disease || id:ebi-a-GCST90027158","CEACAM19","Wald ratio",1,0.201518252,0.023396611,7.11e-18,"Adult Cortex",0.15566089444,0.24737560956,1.22325856377436,1.1684299148213,1.28066005060831
"4","7mAc76","ebi-a-GCST90027158","Alzheimer's disease || id:ebi-a-GCST90027158","RITA1","Wald ratio",1,-0.148193426,0.032261209,4.36e-06,"Adult Cortex",-0.21142539564,-0.08496145636,0.8622643144735,0.809429665782397,0.918547687890568
"5","7ZUOgK","ebi-a-GCST90027158","Alzheimer's disease || id:ebi-a-GCST90027158","CR1","Wald ratio",1,0.194553807,0.016264949,5.65e-33,"Adult Cortex",0.16267450696,0.22643310704,1.21476884419378,1.17665363478238,1.2541187153149
"6","aokP2C","ebi-a-GCST90027158","Alzheimer's disease || id:ebi-a-GCST90027158","ACE","Wald ratio",1,-0.217484291,0.027104867,1.03e-15,"Adult Cortex",-0.27060983032,-0.16435875168,0.804540243343242,0.762914104294443,0.848437588865164
"7","AOqBRF","ebi-a-GCST90027158","Alzheimer's disease || id:ebi-a-GCST90027158","ATP8B3","Wald ratio",1,0.105878088,0.020369332,2.02e-07,"Adult Cortex",0.06595419728,0.14580197872,1.11168634033983,1.06817779059726,1.15696706126717
"8","b2eLeg","ebi-a-GCST90027158","Alzheimer's disease || id:ebi-a-GCST90027158","BTNL2","Wald ratio",1,0.084273212,0.018165863,3.5e-06,"Adult Cortex",0.04866812052,0.11987830348,1.08792608767078,1.04987186198747,1.12735964748503
"9","bGyvOH","ebi-a-GCST90027158","Alzheimer's disease || id:ebi-a-GCST90027158","ZSCAN31","Wald ratio",1,0.045729659,0.009394955,1.13e-06,"Adult Cortex",0.0273155472,0.0641437708,1.04679138207248,1.02769203694993,1.06624568273716
"10","BVvhhn","ebi-a-GCST90027158","Alzheimer's disease || id:ebi-a-GCST90027158","CTB-171A8.1","Wald ratio",1,0.078050141,0.010271884,3e-14,"Adult Cortex",0.05791724836,0.09818303364,1.08117686860037,1.05962730618474,1.10316468287833
"11","c1hrru","ebi-a-GCST90027158","Alzheimer's disease || id:ebi-a-GCST90027158","STAG3","Wald ratio",1,-0.11916903,0.019307874,6.74e-10,"Adult Cortex",-0.15701246304,-0.08132559696,0.887657747291514,0.854693406673191,0.921893476859273
"12","GwgGyF","ebi-a-GCST90027158","Alzheimer's disease || id:ebi-a-GCST90027158","ZNF603P","Wald ratio",1,0.034514048,0.007589477,5.43e-06,"Adult Cortex",0.01963867308,0.04938942292,1.03511656959155,1.01983278040805,1.05062941025906
"13","jgqYPo","ebi-a-GCST90027158","Alzheimer's disease || id:ebi-a-GCST90027158","EARS2","Wald ratio",1,-0.07784597,0.016580911,2.67e-06,"Adult Cortex",-0.11034455556,-0.04534738444,0.925106909787225,0.895525523834325,0.955665440859505
"14","jQHu2U","ebi-a-GCST90027158","Alzheimer's disease || id:ebi-a-GCST90027158","SIGLEC11","Wald ratio",1,0.095525831,0.021090118,5.91e-06,"Adult Cortex",0.05418919972,0.13686246228,1.10023724189507,1.05568431843881,1.14667042723818
"15","jsRzd0","ebi-a-GCST90027158","Alzheimer's disease || id:ebi-a-GCST90027158","AC012146.7","Wald ratio",1,-0.13326277,0.022125364,1.71e-09,"Adult Cortex",-0.17662848344,-0.08989705656,0.875235076368459,0.838091091410829,0.914025273334155
"16","k3321j","ebi-a-GCST90027158","Alzheimer's disease || id:ebi-a-GCST90027158","EGFR","Wald ratio",1,0.179379141,0.03003855,2.35e-09,"Adult Cortex",0.120503583,0.238254699,1.19647429064245,1.12806478281464,1.26903237294269
"17","L0yCqS","ebi-a-GCST90027158","Alzheimer's disease || id:ebi-a-GCST90027158","LINC02210","Wald ratio",1,-0.087421161,0.015924301,4.02e-08,"Adult Cortex",-0.11863279096,-0.05620953104,0.916291108277994,0.888133871676602,0.945341036846567
"18","OkBk8U","ebi-a-GCST90027158","Alzheimer's disease || id:ebi-a-GCST90027158","EPHX2","Wald ratio",1,0.239793802,0.044376103,6.53e-08,"Adult Cortex",0.15281664012,0.32677096388,1.27098704831249,1.16511132468285,1.38648388592208
"19","Q09F41","ebi-a-GCST90027158","Alzheimer's disease || id:ebi-a-GCST90027158","INO80E","Wald ratio",1,0.139109024,0.025772431,6.75e-08,"Adult Cortex",0.08859505924,0.18962298876,1.14924938893911,1.09263811302257,1.20879378289601
"20","slMtXu","ebi-a-GCST90027158","Alzheimer's disease || id:ebi-a-GCST90027158","ZSCAN26","Wald ratio",1,-0.096608371,0.018086499,9.22e-08,"Adult Cortex",-0.13205790904,-0.06115883296,0.907911500990903,0.876290248482993,0.940673817902873
"21","uLAXa4","ebi-a-GCST90027158","Alzheimer's disease || id:ebi-a-GCST90027158","ZNF192P2","Wald ratio",1,-0.062213404,0.013172736,2.33e-06,"Adult Cortex",-0.08803196656,-0.03639484144,0.939682333423723,0.915731603466199,0.964259488704263
"22","usbO7j","ebi-a-GCST90027158","Alzheimer's disease || id:ebi-a-GCST90027158","NDUFAF6","Wald ratio",1,0.160753433,0.029260737,3.93e-08,"Adult Cortex",0.10340238848,0.21810447752,1.17439536596989,1.10893754300276,1.24371700129925
"23","ve8CvL","ebi-a-GCST90027158","Alzheimer's disease || id:ebi-a-GCST90027158","ZNF45","Wald ratio",1,-0.102151185,0.022872235,7.96e-06,"Adult Cortex",-0.1469807656,-0.0573216044,0.902893037465818,0.863310582517693,0.944290332601759
"24","vtaHEE","ebi-a-GCST90027158","Alzheimer's disease || id:ebi-a-GCST90027158","ICA1L","Wald ratio",1,0.230906646,0.045498847,3.87e-07,"Adult Cortex",0.14172890588,0.32008438612,1.25974163203944,1.1522642341335,1.37724397970815
"25","yjUadr","ebi-a-GCST90027158","Alzheimer's disease || id:ebi-a-GCST90027158","KAT8","Wald ratio",1,-0.08586402,0.01821358,2.43e-06,"Adult Cortex",-0.1215626368,-0.0501654032,0.917719014167513,0.885535584496391,0.951072101121221
"26","YQmxQZ","ebi-a-GCST90027158","Alzheimer's disease || id:ebi-a-GCST90027158","HLA-DRB1","Wald ratio",1,0.082053162,0.018040057,5.41e-06,"Adult Cortex",0.04669465028,0.11741167372,1.08551351636519,1.04780201417532,1.12458229538617
"27","zyCR3o","ebi-a-GCST90027158","Alzheimer's disease || id:ebi-a-GCST90027158","GALNT6","Wald ratio",1,-0.091977145,0.020733457,9.16e-06,"Adult Cortex",-0.13261472072,-0.05133956928,0.912125995946505,0.875802455654543,0.949956039869306
"28","gt8qPZ","ebi-a-GCST90027158","Alzheimer's disease || id:ebi-a-GCST90027158","KNOP1","Inverse variance weighted",2,-0.045187441,0.010593426,1.99e-05,"Artery - Aorta",-0.06595055596,-0.02442432604,0.955818305502128,0.936177151527823,0.975871534187733
"29","5UdzFf","ebi-a-GCST90027158","Alzheimer's disease || id:ebi-a-GCST90027158","FAM117B","Wald ratio",1,0.198343169,0.040600447,1.03e-06,"Artery - Aorta",0.11876629288,0.27792004512,1.21938077571111,1.12610670837691,1.32038062211433
"30","6fmh2O","ebi-a-GCST90027158","Alzheimer's disease || id:ebi-a-GCST90027158","CTB-171A8.1","Wald ratio",1,0.084061423,0.011063006,3e-14,"Artery - Aorta",0.06237793124,0.10574491476,1.08769570129011,1.06436452532981,1.11153830332553
"31","7b2cIS","ebi-a-GCST90027158","Alzheimer's disease || id:ebi-a-GCST90027158","MAPK8IP1P2","Wald ratio",1,-0.045726116,0.008471001,6.74e-08,"Artery - Aorta",-0.06232927796,-0.02912295404,0.955303568726774,0.939573455018815,0.971297032230265
"32","A2YnK9","ebi-a-GCST90027158","Alzheimer's disease || id:ebi-a-GCST90027158","PRSS53","Wald ratio",1,0.260334721,0.056739619,4.47e-06,"Artery - Aorta",0.14912506776,0.37154437424,1.29736426906224,1.16081816105791,1.44997218608767
"33","A3VD94","ebi-a-GCST90027158","Alzheimer's disease || id:ebi-a-GCST90027158","AC012146.7","Wald ratio",1,-0.10458514,0.01756598,2.62e-09,"Artery - Aorta",-0.1390144608,-0.0701558192,0.900698108705316,0.870215444355766,0.932248546365343
"34","A6k2TO","ebi-a-GCST90027158","Alzheimer's disease || id:ebi-a-GCST90027158","CEACAM19","Wald ratio",1,0.133140145,0.025800467,2.46e-07,"Artery - Aorta",0.08257122968,0.18370906032,1.14241009017468,1.08607603153211,1.2016661598653
"35","abbCSb","ebi-a-GCST90027158","Alzheimer's disease || id:ebi-a-GCST90027158","CSTF1","Wald ratio",1,0.279494659,0.058526659,1.79e-06,"Artery - Aorta",0.16478240736,0.39420691064,1.32246134951,1.17913651936717,1.4832074083215
"36","aRqKf6","ebi-a-GCST90027158","Alzheimer's disease || id:ebi-a-GCST90027158","IGHGP","Wald ratio",1,-0.177901459,0.036885991,1.41e-06,"Artery - Aorta",-0.25019800136,-0.10560491664,0.837024900695748,0.778646594722443,0.899780065993182
"37","DMoo1C","ebi-a-GCST90027158","Alzheimer's disease || id:ebi-a-GCST90027158","NBEAL1","Wald ratio",1,0.083402072,0.016515262,4.42e-07,"Artery - Aorta",0.05103215848,0.11577198552,1.08697876442426,1.05235673493207,1.12273984200383
"38","esv9D3","ebi-a-GCST90027158","Alzheimer's disease || id:ebi-a-GCST90027158","AC092066.1","Wald ratio",1,0.325722034,0.05045018,1.07e-10,"Artery - Aorta",0.2268396812,0.4246043868,1.38503032402153,1.25462871124668,1.52898541318493
"39","eZuVlU","ebi-a-GCST90027158","Alzheimer's disease || id:ebi-a-GCST90027158","BIN1","Wald ratio",1,0.370152363,0.03836512,5.01e-22,"Artery - Aorta",0.2949567278,0.4453479982,1.44795521265748,1.34306823991133,1.56103333811272
"40","GAVTWR","ebi-a-GCST90027158","Alzheimer's disease || id:ebi-a-GCST90027158","CTSH","Wald ratio",1,0.084304544,0.017635134,1.75e-06,"Artery - Aorta",0.04973968136,0.11886940664,1.08796017510497,1.05099746653096,1.12622283146061
"41","gf4b3s","ebi-a-GCST90027158","Alzheimer's disease || id:ebi-a-GCST90027158","APH1B","Wald ratio",1,0.321664521,0.033874405,2.19e-21,"Artery - Aorta",0.2552706872,0.3880583548,1.37942193123418,1.29081097959709,1.47411580351119
"42","GgxwXA","ebi-a-GCST90027158","Alzheimer's disease || id:ebi-a-GCST90027158","DOC2A","Wald ratio",1,0.233725599,0.035184499,3.08e-11,"Artery - Aorta",0.16476398096,0.30268721704,1.26329779446475,1.17911479232618,1.35349104929049
"43","gseJRA","ebi-a-GCST90027158","Alzheimer's disease || id:ebi-a-GCST90027158","LRRC37A","Wald ratio",1,-0.08476951,0.016184727,1.63e-07,"Artery - Aorta",-0.11649157492,-0.05304744508,0.91872401669804,0.890037595583035,0.948335017584137
"44","gvQtsf","ebi-a-GCST90027158","Alzheimer's disease || id:ebi-a-GCST90027158","WNT3","Wald ratio",1,-0.080668476,0.016270712,7.13e-07,"Artery - Aorta",-0.11255907152,-0.04877788048,0.922499471469878,0.893544562514002,0.952392651204645
"45","i59hA5","ebi-a-GCST90027158","Alzheimer's disease || id:ebi-a-GCST90027158","GRN","Wald ratio",1,-0.215864627,0.030742331,2.19e-12,"Artery - Aorta",-0.27611959576,-0.15560965824,0.805844384061725,0.758722185378579,0.855893216039014
"46","imGP91","ebi-a-GCST90027158","Alzheimer's disease || id:ebi-a-GCST90027158","JAZF1-AS1","Wald ratio",1,0.138051499,0.029561963,3.01e-06,"Artery - Aorta",0.08011005152,0.19599294648,1.14803467138937,1.08340629162362,1.21651832456772
"47","iXxl3z","ebi-a-GCST90027158","Alzheimer's disease || id:ebi-a-GCST90027158","ACE","Wald ratio",1,-0.375528447,0.048436901,8.98e-15,"Artery - Aorta",-0.47046477296,-0.28059212104,0.686926178781468,0.624711851622598,0.755336358466231
"48","l6txEl","ebi-a-GCST90027158","Alzheimer's disease || id:ebi-a-GCST90027158","RP11-2C24.7","Wald ratio",1,-0.194462936,0.038412432,4.14e-07,"Artery - Aorta",-0.26975130272,-0.11917456928,0.823276691618344,0.763569368350299,0.887652830320325
"49","lNZwP9","ebi-a-GCST90027158","Alzheimer's disease || id:ebi-a-GCST90027158","ZSCAN26","Wald ratio",1,-0.16503941,0.030618171,7.04e-08,"Artery - Aorta",-0.22505102516,-0.10502779484,0.847860289255481,0.79847547538103,0.900299498557983
"50","LXcCBr","ebi-a-GCST90027158","Alzheimer's disease || id:ebi-a-GCST90027158","PLEKHA1","Wald ratio",1,0.156749646,0.034222969,4.64e-06,"Artery - Aorta",0.08967262676,0.22382666524,1.16970273748191,1.09381613895153,1.25085418412656
"51","M3LE1i","ebi-a-GCST90027158","Alzheimer's disease || id:ebi-a-GCST90027158","RP11-385F7.1","Wald ratio",1,-0.186718792,0.027538752,1.2e-11,"Artery - Aorta",-0.24069474592,-0.13274283808,0.82967701539805,0.786081544367142,0.875690257343472
"52","mj0dmJ","ebi-a-GCST90027158","Alzheimer's disease || id:ebi-a-GCST90027158","SNX31","Wald ratio",1,0.051166066,0.009282339,3.54e-08,"Artery - Aorta",0.03297268156,0.06935945044,1.05249766284804,1.03352230463858,1.0718214065907
"53","OfQ8Dv","ebi-a-GCST90027158","Alzheimer's disease || id:ebi-a-GCST90027158","CPSF3","Wald ratio",1,0.332593522,0.068415368,1.17e-06,"Artery - Aorta",0.19849940072,0.46668764328,1.39458031702676,1.21957129654935,1.59470320935007
"54","OgA6n9","ebi-a-GCST90027158","Alzheimer's disease || id:ebi-a-GCST90027158","RP11-259G18.3","Wald ratio",1,-0.043568882,0.007965061,4.5e-08,"Artery - Aorta",-0.05918040156,-0.02795736244,0.957366606493103,0.942536718724464,0.972429827952475
"55","R27mzp","ebi-a-GCST90027158","Alzheimer's disease || id:ebi-a-GCST90027158","LACTB","Wald ratio",1,0.136123781,0.027629084,8.36e-07,"Artery - Aorta",0.08197077636,0.19027678564,1.14582371602261,1.08542408932322,1.20958434690581
"56","Rc5brf","ebi-a-GCST90027158","Alzheimer's disease || id:ebi-a-GCST90027158","SLC26A1","Wald ratio",1,-0.043573569,0.009100131,1.68e-06,"Artery - Aorta",-0.06140982576,-0.02573731224,0.957362119326334,0.940437745174947,0.9745910691308
"57","RoaKWp","ebi-a-GCST90027158","Alzheimer's disease || id:ebi-a-GCST90027158","ZNF603P","Wald ratio",1,0.041750043,0.008954144,3.12e-06,"Artery - Aorta",0.02419992076,0.05930016524,1.04263383255207,1.02449511526038,1.06109369638715
"58","rVm3UU","ebi-a-GCST90027158","Alzheimer's disease || id:ebi-a-GCST90027158","EPHX2","Wald ratio",1,0.12729483,0.023519919,6.23e-08,"Artery - Aorta",0.08119578876,0.17339387124,1.1357518221336,1.08458322498506,1.18933445748025
"59","SnKhYJ","ebi-a-GCST90027158","Alzheimer's disease || id:ebi-a-GCST90027158","IGHG3","Wald ratio",1,-0.213810179,0.042685811,5.47e-07,"Artery - Aorta",-0.29747436856,-0.13014598944,0.807501651246589,0.742691619232498,0.877967247617267
"60","TWpKGM","ebi-a-GCST90027158","Alzheimer's disease || id:ebi-a-GCST90027158","LRRC37A4P","Wald ratio",1,0.04203457,0.007876459,9.46e-08,"Artery - Aorta",0.02659671036,0.05747242964,1.04293053223607,1.02695355950779,1.05915606893807
"61","v6HlF0","ebi-a-GCST90027158","Alzheimer's disease || id:ebi-a-GCST90027158","IGHV2-70","Wald ratio",1,0.165378472,0.035352644,2.9e-06,"Artery - Aorta",0.09608728976,0.23466965424,1.17983957046323,1.10085515318223,1.26449098049544
"62","Wuhz1U","ebi-a-GCST90027158","Alzheimer's disease || id:ebi-a-GCST90027158","INO80E","Wald ratio",1,0.126247377,0.021084083,2.13e-09,"Artery - Aorta",0.08492257432,0.16757217968,1.13456279831224,1.08863277530238,1.18243063456964
"63","XheSEZ","ebi-a-GCST90027158","Alzheimer's disease || id:ebi-a-GCST90027158","NDUFS2","Wald ratio",1,-0.238838213,0.044782165,9.64e-08,"Artery - Aorta",-0.3266112564,-0.1510651696,0.787542286170124,0.721364114209493,0.859791664554503
"64","Z2DY5N","ebi-a-GCST90027158","Alzheimer's disease || id:ebi-a-GCST90027158","RP11-259G18.1","Wald ratio",1,-0.078183789,0.014098716,2.93e-08,"Artery - Aorta",-0.10581727236,-0.05055030564,0.9247944438775,0.89958901283576,0.950706101590459
"65","zMprWA","ebi-a-GCST90027158","Alzheimer's disease || id:ebi-a-GCST90027158","CHRNE","Wald ratio",1,0.065325557,0.01274872,2.99e-07,"Artery - Aorta",0.0403380658,0.0903130482,1.06750650203352,1.04116269620246,1.09451686661489
"66","ZS2Ww6","ebi-a-GCST90027158","Alzheimer's disease || id:ebi-a-GCST90027158","KAT8","Wald ratio",1,-0.088169485,0.018702618,2.43e-06,"Artery - Aorta",-0.12482661628,-0.05151235372,0.915605682143082,0.882649926445994,0.949791916426329
"67","ZtDAo0","ebi-a-GCST90027158","Alzheimer's disease || id:ebi-a-GCST90027158","ZNF165","Wald ratio",1,-0.103926759,0.022759686,4.96e-06,"Artery - Aorta",-0.14853574356,-0.05931777444,0.901291306480469,0.861969196772162,0.94240724863395
"68","1cYFJ5","ebi-a-GCST90027158","Alzheimer's disease || id:ebi-a-GCST90027158","TAP2","Wald ratio",1,0.259678922,0.043623311,2.64e-09,"Artery - Coronary",0.17417723244,0.34518061156,1.29651373779121,1.19026650096375,1.41224496440107
"69","1n8IJ6","ebi-a-GCST90027158","Alzheimer's disease || id:ebi-a-GCST90027158","SLC26A1","Wald ratio",1,-0.043926241,0.00895379,9.3e-07,"Artery - Coronary",-0.0614756694,-0.0263768126,0.957024544043161,0.940375825369147,0.973968017033492
"70","1vCgpa","ebi-a-GCST90027158","Alzheimer's disease || id:ebi-a-GCST90027158","STX1B","Wald ratio",1,-0.125499433,0.027888763,6.8e-06,"Artery - Coronary",-0.18016140848,-0.07083745752,0.882056264552793,0.835135402595995,0.931613306558869
"71","2HBKoP","ebi-a-GCST90027158","Alzheimer's disease || id:ebi-a-GCST90027158","LINC02210","Wald ratio",1,-0.041957893,0.007671406,4.52e-08,"Artery - Coronary",-0.05699384876,-0.02692193724,0.958910156552385,0.944599879809217,0.973437227755136
"72","3DXuSy","ebi-a-GCST90027158","Alzheimer's disease || id:ebi-a-GCST90027158","CTB-171A8.1","Wald ratio",1,0.079714882,0.011139995,8.32e-13,"Artery - Coronary",0.0578804918,0.1015492722,1.08297824706005,1.05958835864587,1.10688445568062
"73","59EOss","ebi-a-GCST90027158","Alzheimer's disease || id:ebi-a-GCST90027158","YPEL3","Wald ratio",1,-0.148450239,0.027232482,5e-08,"Artery - Coronary",-0.20182590372,-0.09507457428,0.862042902220097,0.817237193513192,0.909305121164988
"74","6acIkP","ebi-a-GCST90027158","Alzheimer's disease || id:ebi-a-GCST90027158","RP11-259G18.1","Wald ratio",1,-0.105674989,0.019763643,8.95e-08,"Artery - Coronary",-0.14441172928,-0.06693824872,0.899717018489446,0.865531310103143,0.935252952620598
"75","7a0yUM","ebi-a-GCST90027158","Alzheimer's disease || id:ebi-a-GCST90027158","LACTB","Wald ratio",1,0.124928235,0.024924855,5.38e-07,"Artery - Coronary",0.0760755192,0.1737809508,1.133067135586,1.07904405962453,1.18979491364958
"76","8jRI0E","ebi-a-GCST90027158","Alzheimer's disease || id:ebi-a-GCST90027158","CHRNE","Wald ratio",1,0.069340145,0.013512944,2.88e-07,"Artery - Coronary",0.04285477476,0.09582551524,1.07180071480658,1.04378629972727,1.10056701506817
"77","Bm1hFj","ebi-a-GCST90027158","Alzheimer's disease || id:ebi-a-GCST90027158","RP11-259G18.3","Wald ratio",1,-0.043143742,0.008019283,7.45e-08,"Artery - Coronary",-0.05886153668,-0.02742594732,0.957773707863594,0.942837308503391,0.972946729198592
"78","C9B0Ao","ebi-a-GCST90027158","Alzheimer's disease || id:ebi-a-GCST90027158","NKAPL","Wald ratio",1,0.120150484,0.025636222,2.78e-06,"Artery - Coronary",0.06990348888,0.17039747912,1.12766653458256,1.07240467728316,1.18577607889496
"79","ckxV6g","ebi-a-GCST90027158","Alzheimer's disease || id:ebi-a-GCST90027158","C17orf107","Wald ratio",1,0.097472043,0.019186307,3.77e-07,"Artery - Coronary",0.05986688128,0.13507720472,1.10238062187747,1.0616952056312,1.14462515140441
"80","fv6Aif","ebi-a-GCST90027158","Alzheimer's disease || id:ebi-a-GCST90027158","LRRC37A4P","Wald ratio",1,0.042808023,0.008021389,9.46e-08,"Artery - Coronary",0.02708610056,0.05852994544,1.0437375020214,1.02745626351484,1.06027673567258
"81","GeiHqg","ebi-a-GCST90027158","Alzheimer's disease || id:ebi-a-GCST90027158","RP11-707O23.1","Wald ratio",1,-0.048262592,0.008940896,6.74e-08,"Artery - Coronary",-0.06578674816,-0.03073843584,0.952883534628672,0.936330517208329,0.969729186306558
"82","gI2lCc","ebi-a-GCST90027158","Alzheimer's disease || id:ebi-a-GCST90027158","NBEAL1","Wald ratio",1,0.105607183,0.021085998,5.49e-07,"Artery - Coronary",0.06427862692,0.14693573908,1.11138521974118,1.06638948218881,1.15827952853015
"83","gNdtUd","ebi-a-GCST90027158","Alzheimer's disease || id:ebi-a-GCST90027158","EARS2","Wald ratio",1,0.135340342,0.030307876,7.99e-06,"Artery - Coronary",0.07593690504,0.19474377896,1.14492638458447,1.07889449920444,1.21499963813355
"84","HY7psW","ebi-a-GCST90027158","Alzheimer's disease || id:ebi-a-GCST90027158","KANSL1-AS1","Wald ratio",1,-0.045625661,0.008129663,2e-08,"Artery - Coronary",-0.06155980048,-0.02969152152,0.955399538567015,0.940296713863267,0.970744941289668
"85","It7EQA","ebi-a-GCST90027158","Alzheimer's disease || id:ebi-a-GCST90027158","KAT8","Wald ratio",1,-0.107811704,0.023497423,4.47e-06,"Artery - Coronary",-0.15386665308,-0.06175675492,0.897796632030197,0.857386343217149,0.940111536486906
"86","lJ6vLt","ebi-a-GCST90027158","Alzheimer's disease || id:ebi-a-GCST90027158","RP11-196G11.2","Wald ratio",1,-0.101607905,0.022699638,7.6e-06,"Artery - Coronary",-0.14609919548,-0.05711661452,0.903383694465211,0.864071986897884,0.944483922405022
"87","n3E7rX","ebi-a-GCST90027158","Alzheimer's disease || id:ebi-a-GCST90027158","WNT3","Wald ratio",1,-0.091877053,0.018453108,6.39e-07,"Artery - Coronary",-0.12804514468,-0.05570896132,0.912217297030869,0.879813659341971,0.945814364401523
"88","Ow09E1","ebi-a-GCST90027158","Alzheimer's disease || id:ebi-a-GCST90027158","HLA-E","Wald ratio",1,0.177392644,0.037668561,2.49e-06,"Artery - Coronary",0.10356226444,0.25122302356,1.19409985723675,1.10911484963018,1.28559677072963
"89","Ow3OIK","ebi-a-GCST90027158","Alzheimer's disease || id:ebi-a-GCST90027158","EPHX2","Wald ratio",1,0.152998841,0.028049788,4.91e-08,"Artery - Coronary",0.09802125652,0.20797642548,1.16532362833187,1.10298623050819,1.2311841446315
"90","P0UEFu","ebi-a-GCST90027158","Alzheimer's disease || id:ebi-a-GCST90027158","IGHGP","Wald ratio",1,-0.172880658,0.035844981,1.41e-06,"Artery - Coronary",-0.24313682076,-0.10262449524,0.841238003880049,0.784164216487411,0.902465790063822
"91","PbPPBF","ebi-a-GCST90027158","Alzheimer's disease || id:ebi-a-GCST90027158","LRRC37A","Wald ratio",1,-0.072812646,0.013901847,1.63e-07,"Artery - Coronary",-0.10006026612,-0.04556502588,0.929775010775922,0.904782888638698,0.955457471089039
"92","PeaGyB","ebi-a-GCST90027158","Alzheimer's disease || id:ebi-a-GCST90027158","CTSH","Wald ratio",1,0.107172245,0.023699879,6.12e-06,"Artery - Coronary",0.06072048216,0.15362400784,1.11312596835039,1.06260185649696,1.16605237779344
"93","TfuEfo","ebi-a-GCST90027158","Alzheimer's disease || id:ebi-a-GCST90027158","SCIMP","Wald ratio",1,0.269592773,0.038828936,3.84e-12,"Artery - Coronary",0.19348805844,0.34569748756,1.30943110644334,1.2134748956817,1.41297510861005
"94","UrO9RO","ebi-a-GCST90027158","Alzheimer's disease || id:ebi-a-GCST90027158","HLA-DRB9","Wald ratio",1,-0.072168272,0.016056577,6.97e-06,"Artery - Coronary",-0.10363916292,-0.04069738108,0.930374326689775,0.901550551604304,0.960119636356639
"95","vACmI3","ebi-a-GCST90027158","Alzheimer's disease || id:ebi-a-GCST90027158","INO80E","Wald ratio",1,0.141272104,0.023593305,2.13e-09,"Artery - Coronary",0.0950292262,0.1875149818,1.1517379978671,1.09969099444539,1.2062483210567
"96","vcwiGe","ebi-a-GCST90027158","Alzheimer's disease || id:ebi-a-GCST90027158","PLD2","Wald ratio",1,0.190958501,0.039601236,1.42e-06,"Artery - Coronary",0.11334007844,0.26857692356,1.21040922026679,1.12001276038165,1.30810159699219
"97","Wa28qL","ebi-a-GCST90027158","Alzheimer's disease || id:ebi-a-GCST90027158","IRF2BP1","Wald ratio",1,0.272230561,0.047927916,1.35e-08,"Artery - Coronary",0.17829184564,0.36616927636,1.31288966757289,1.19517407668427,1.44219935224968
"98","wqyjzQ","ebi-a-GCST90027158","Alzheimer's disease || id:ebi-a-GCST90027158","IGHV2-70","Wald ratio",1,0.131014287,0.028398361,3.96e-06,"Artery - Coronary",0.07535349944,0.18667507456,1.13998406814803,1.07826524968349,1.20523560970994
"99","WREcu3","ebi-a-GCST90027158","Alzheimer's disease || id:ebi-a-GCST90027158","MAPK8IP1P2","Wald ratio",1,-0.045019221,0.008080373,2.53e-08,"Artery - Coronary",-0.06085675208,-0.02918168992,0.955979106782096,0.940958020401487,0.971239983919743
"100","X3HhtW","ebi-a-GCST90027158","Alzheimer's disease || id:ebi-a-GCST90027158","NECTIN2","Wald ratio",1,0.458167036,0.038972209,6.56e-32,"Artery - Coronary",0.38178150636,0.53455256564,1.58117309383337,1.46489198058278,1.70668444213066
"101","YB8Egl","ebi-a-GCST90027158","Alzheimer's disease || id:ebi-a-GCST90027158","ZSCAN26","Wald ratio",1,-0.150227204,0.028189086,9.86e-08,"Artery - Coronary",-0.20547781256,-0.09497659544,0.860512442343886,0.814258160670817,0.909394218190706
"102","yfHOLU","ebi-a-GCST90027158","Alzheimer's disease || id:ebi-a-GCST90027158","ATP8B3","Wald ratio",1,0.123844824,0.023825858,2.02e-07,"Artery - Coronary",0.07714614232,0.17054350568,1.13184022293291,1.08019992778145,1.1859492463399
"103","Z1oP4L","ebi-a-GCST90027158","Alzheimer's disease || id:ebi-a-GCST90027158","DND1P1","Wald ratio",1,-0.039905857,0.00776165,2.73e-07,"Artery - Coronary",-0.055118691,-0.024693023,0.960879895010319,0.946372815351354,0.975609355698006
"104","z2ey3l","ebi-a-GCST90027158","Alzheimer's disease || id:ebi-a-GCST90027158","SNX31","Wald ratio",1,0.050831037,0.009180936,3.08e-08,"Artery - Coronary",0.03283640244,0.06882567156,1.05214510467046,1.03338146672525,1.07124944362519
"105","zm2NhB","ebi-a-GCST90027158","Alzheimer's disease || id:ebi-a-GCST90027158","ZNF165","Wald ratio",1,-0.093130605,0.020214395,4.08e-06,"Artery - Coronary",-0.1327508192,-0.0535103908,0.911074501640113,0.875683268382335,0.947896091553923
"106","zvMEPB","ebi-a-GCST90027158","Alzheimer's disease || id:ebi-a-GCST90027158","CEACAM19","Wald ratio",1,0.205846318,0.023077697,4.68e-19,"Artery - Coronary",0.16061403188,0.25107860412,1.22856438125512,1.17423166535084,1.28541111897012
"107","zY3MFO","ebi-a-GCST90027158","Alzheimer's disease || id:ebi-a-GCST90027158","ZNF603P","Wald ratio",1,0.039602265,0.008493509,3.12e-06,"Artery - Coronary",0.02295498736,0.05624954264,1.04039688963276,1.02322048065547,1.05786163238652
"108","CDRohp","ebi-a-GCST90027158","Alzheimer's disease || id:ebi-a-GCST90027158","Metazoa_SRP","Inverse variance weighted",3,0.047221298,0.009109552,2.18e-07,"Fetal Cortex",0.02936657608,0.06507601992,1.04835398205065,1.0298020260821,1.0672401528115
"109","0CszZJ","ebi-a-GCST90027158","Alzheimer's disease || id:ebi-a-GCST90027158","ASPHD1","Wald ratio",1,0.246991104,0.039712295,4.99e-10,"Fetal Cortex",0.1691550058,0.3248272022,1.28016772435554,1.18430369863944,1.38379150919174
"110","0kRmlC","ebi-a-GCST90027158","Alzheimer's disease || id:ebi-a-GCST90027158","CELF1","Wald ratio",1,-0.197529037,0.029647215,2.69e-11,"Fetal Cortex",-0.2556375784,-0.1394204956,0.820756307980797,0.774422585410896,0.869862178325864
"111","2nzhuB","ebi-a-GCST90027158","Alzheimer's disease || id:ebi-a-GCST90027158","ASXL3","Wald ratio",1,0.461504601,0.101163146,5.07e-06,"Fetal Cortex",0.26322483484,0.65978436716,1.58645917822847,1.30111922300027,1.93437517461445
"112","8Ri9rF","ebi-a-GCST90027158","Alzheimer's disease || id:ebi-a-GCST90027158","CTD-2574D22.2","Wald ratio",1,0.106942552,0.021599235,7.37e-07,"Fetal Cortex",0.0646080514,0.1492770526,1.11287032046873,1.06674083485836,1.16099460122816
"113","9EoD7C","ebi-a-GCST90027158","Alzheimer's disease || id:ebi-a-GCST90027158","KAT8","Wald ratio",1,-0.104995431,0.022271758,2.43e-06,"Fetal Cortex",-0.14864807668,-0.06134278532,0.900328636178407,0.86187237452122,0.940500794648585
"114","a0EtSs","ebi-a-GCST90027158","Alzheimer's disease || id:ebi-a-GCST90027158","B4GALT3","Wald ratio",1,-0.201354867,0.043587407,3.85e-06,"Fetal Cortex",-0.28678618472,-0.11592354928,0.817622232917016,0.750672216869298,0.890543303371788
"115","AHyu0F","ebi-a-GCST90027158","Alzheimer's disease || id:ebi-a-GCST90027158","RP11-259G18.1","Wald ratio",1,-0.036256406,0.007012845,2.34e-07,"Fetal Cortex",-0.0500015822,-0.0225112298,0.964392985630996,0.951227919466709,0.977740257304144
"116","bBYEg3","ebi-a-GCST90027158","Alzheimer's disease || id:ebi-a-GCST90027158","BIN1","Wald ratio",1,-0.11652092,0.018843888,6.27e-10,"Fetal Cortex",-0.15345494048,-0.07958689952,0.890011477741807,0.8577394126543,0.9234977649691
"117","bMEN6D","ebi-a-GCST90027158","Alzheimer's disease || id:ebi-a-GCST90027158","ZKSCAN1","Wald ratio",1,-0.186006944,0.03071984,1.4e-09,"Fetal Cortex",-0.2462178304,-0.1257960576,0.830267829582107,0.781751917044243,0.881794663766675
"118","BOtzQA","ebi-a-GCST90027158","Alzheimer's disease || id:ebi-a-GCST90027158","DDX54","Wald ratio",1,-0.301920742,0.064309536,2.67e-06,"Fetal Cortex",-0.42796743256,-0.17587405144,0.739396665668138,0.651832642973546,0.83872361271626
"119","BTwkdU","ebi-a-GCST90027158","Alzheimer's disease || id:ebi-a-GCST90027158","RP11-259G18.3","Wald ratio",1,-0.033169698,0.006144859,6.74e-08,"Fetal Cortex",-0.04521362164,-0.02112577436,0.967374384161062,0.955793281894734,0.979095811675792
"120","btxjUp","ebi-a-GCST90027158","Alzheimer's disease || id:ebi-a-GCST90027158","YPEL3","Wald ratio",1,-0.25314687,0.044382893,1.17e-08,"Fetal Cortex",-0.34013734028,-0.16615639972,0.77635385036004,0.71167257473971,0.84691376675475
"121","cR4bMu","ebi-a-GCST90027158","Alzheimer's disease || id:ebi-a-GCST90027158","ZNF603P","Wald ratio",1,0.038801359,0.008497395,4.96e-06,"Fetal Cortex",0.0221464648,0.0554562532,1.03956396311392,1.02239351816697,1.05702277469703
"122","crKwNK","ebi-a-GCST90027158","Alzheimer's disease || id:ebi-a-GCST90027158","KANSL1-AS1","Wald ratio",1,-0.037277994,0.006715521,2.84e-08,"Fetal Cortex",-0.05044041516,-0.02411557284,0.963408276398799,0.950810580880836,0.976172884165694
"123","dsnT6K","ebi-a-GCST90027158","Alzheimer's disease || id:ebi-a-GCST90027158","STAG3","Wald ratio",1,-0.157360782,0.025344834,5.34e-10,"Fetal Cortex",-0.20703665664,-0.10768490736,0.854395752596948,0.812989847965173,0.897910476843959
"124","f3uvyS","ebi-a-GCST90027158","Alzheimer's disease || id:ebi-a-GCST90027158","RITA1","Wald ratio",1,-0.131446466,0.028696059,4.64e-06,"Fetal Cortex",-0.18769074164,-0.07520219036,0.876826213895911,0.828871002886855,0.9275559245013
"125","gfdhrz","ebi-a-GCST90027158","Alzheimer's disease || id:ebi-a-GCST90027158","RP11-798G7.6","Wald ratio",1,0.060963664,0.011043325,3.38e-08,"Fetal Cortex",0.039318747,0.082608581,1.06286029339392,1.04010196019828,1.08611659866312
"126","gpO4Hk","ebi-a-GCST90027158","Alzheimer's disease || id:ebi-a-GCST90027158","GRN","Wald ratio",1,-0.277418158,0.039508468,2.19e-12,"Fetal Cortex",-0.35485475528,-0.19998156072,0.7577375768241,0.701275292345348,0.81874585002277
"127","JCSppC","ebi-a-GCST90027158","Alzheimer's disease || id:ebi-a-GCST90027158","GGA2","Wald ratio",1,0.192676272,0.042183563,4.93e-06,"Fetal Cortex",0.10999648852,0.27535605548,1.21249021294623,1.11627415067763,1.31699951629082
"128","k4vbJ0","ebi-a-GCST90027158","Alzheimer's disease || id:ebi-a-GCST90027158","SIGLEC11","Wald ratio",1,0.082459853,0.018184378,5.77e-06,"Fetal Cortex",0.04681847212,0.11810123388,1.0859550747255,1.04793176298137,1.1253580299608
"129","KACLzh","ebi-a-GCST90027158","Alzheimer's disease || id:ebi-a-GCST90027158","APOE","Wald ratio",1,0.230568247,0.024564172,6.21e-21,"Fetal Cortex",0.18242246988,0.27871402412,1.25931540885172,1.20012110181353,1.32142939289619
"130","kB7lyS","ebi-a-GCST90027158","Alzheimer's disease || id:ebi-a-GCST90027158","EPHX2","Wald ratio",1,0.137237052,0.027744675,7.56e-07,"Fetal Cortex",0.082857489,0.191616615,1.14710003865144,1.08638697542153,1.2112060697005
"131","lYjdAe","ebi-a-GCST90027158","Alzheimer's disease || id:ebi-a-GCST90027158","PVR","Wald ratio",1,-0.260728754,0.054812295,1.97e-06,"Fetal Cortex",-0.3681608522,-0.1532966558,0.770489883572439,0.692005862070641,0.857875190408241
"132","MqRsIa","ebi-a-GCST90027158","Alzheimer's disease || id:ebi-a-GCST90027158","CNPY4","Wald ratio",1,-0.178545082,0.029327802,1.14e-09,"Fetal Cortex",-0.23602757392,-0.12106259008,0.836486345549918,0.789758896883923,0.885978504391953
"133","nV5CAh","ebi-a-GCST90027158","Alzheimer's disease || id:ebi-a-GCST90027158","ZSCAN26","Wald ratio",1,-0.087434873,0.018279835,1.73e-06,"Fetal Cortex",-0.1232633496,-0.0516063964,0.916278544180457,0.884030822739474,0.949702599648927
"134","Pchi6I","ebi-a-GCST90027158","Alzheimer's disease || id:ebi-a-GCST90027158","MAPK8IP1P2","Wald ratio",1,-0.031199647,0.006068301,2.73e-07,"Fetal Cortex",-0.04309351696,-0.01930577704,0.969282039506129,0.957821813294421,0.980879385986973
"135","PGhmWm","ebi-a-GCST90027158","Alzheimer's disease || id:ebi-a-GCST90027158","MAPT-AS1","Wald ratio",1,0.129979597,0.023809347,4.78e-08,"Fetal Cortex",0.08331327688,0.17664591712,1.13880514804615,1.08688225029949,1.19320852360876
"136","qJKwfP","ebi-a-GCST90027158","Alzheimer's disease || id:ebi-a-GCST90027158","USP6NL","Wald ratio",1,-0.189008267,0.0399976,2.3e-06,"Fetal Cortex",-0.267403563,-0.110612971,0.82777966341197,0.765364136485191,0.895285183213823
"137","Smg2IG","ebi-a-GCST90027158","Alzheimer's disease || id:ebi-a-GCST90027158","RP11-521O16.2","Wald ratio",1,0.116950746,0.019952746,4.59e-09,"Fetal Cortex",0.07784336384,0.15605812816,1.12406406367566,1.08095332903026,1.16889414678112
"138","Sx043T","ebi-a-GCST90027158","Alzheimer's disease || id:ebi-a-GCST90027158","LINC02210","Wald ratio",1,-0.081019369,0.014813243,4.52e-08,"Fetal Cortex",-0.11005332528,-0.05198541272,0.922175829647982,0.895786365964098,0.949342715069886
"139","tNizP1","ebi-a-GCST90027158","Alzheimer's disease || id:ebi-a-GCST90027158","LRRC37A4P","Wald ratio",1,0.039145765,0.007046238,2.77e-08,"Fetal Cortex",0.02533513852,0.05295639148,1.03992205684147,1.02565880070347,1.05438366400568
"140","WGcF9P","ebi-a-GCST90027158","Alzheimer's disease || id:ebi-a-GCST90027158","LRRC37A","Wald ratio",1,-0.074818294,0.014284778,1.63e-07,"Fetal Cortex",-0.10281645888,-0.04682012912,0.927912078203093,0.902292566072671,0.954259025565147
"141","YfF9Dq","ebi-a-GCST90027158","Alzheimer's disease || id:ebi-a-GCST90027158","LRRC37A17P","Wald ratio",1,0.082329331,0.014723129,2.25e-08,"Fetal Cortex",0.05347199816,0.11118666384,1.08581334294699,1.05492745144429,1.11760350354669
"142","9XStRP","ebi-a-GCST90027158","Alzheimer's disease || id:ebi-a-GCST90027158","ZBTB20","Inverse variance weighted",4,-0.070918486,0.01424712,6.43e-07,"Liver",-0.0988428412,-0.0429941308,0.931537822406915,0.905885064646655,0.95791701225706
"143","0jy2fL","ebi-a-GCST90027158","Alzheimer's disease || id:ebi-a-GCST90027158","MAPK8IP1P2","Wald ratio",1,-0.040703755,0.007870453,2.32e-07,"Liver",-0.05612984288,-0.02527766712,0.96011351665039,0.945416372335999,0.975039138128197
"144","4cvUZV","ebi-a-GCST90027158","Alzheimer's disease || id:ebi-a-GCST90027158","CTB-171A8.1","Wald ratio",1,0.112839364,0.015490225,3.23e-13,"Liver",0.082478523,0.143200205,1.11945209419808,1.08597534969601,1.15396080726442
"145","6io9t6","ebi-a-GCST90027158","Alzheimer's disease || id:ebi-a-GCST90027158","TUFT1","Wald ratio",1,0.113007243,0.025146384,6.99e-06,"Liver",0.06372033036,0.16229415564,1.11964004247204,1.06579428677252,1.17620617811997
"146","7uIkny","ebi-a-GCST90027158","Alzheimer's disease || id:ebi-a-GCST90027158","MAPK8IP1P1","Wald ratio",1,-0.050027422,0.009079051,3.58e-08,"Liver",-0.06782236196,-0.03223248204,0.951203340245078,0.934426448517884,0.968281447864087
"147","bUi31Y","ebi-a-GCST90027158","Alzheimer's disease || id:ebi-a-GCST90027158","APOC4","Wald ratio",1,0.31835491,0.02931797,1.81e-27,"Liver",0.2608916888,0.3758181312,1.37486412767565,1.29808706045206,1.45618227556406
"148","CMnOhO","ebi-a-GCST90027158","Alzheimer's disease || id:ebi-a-GCST90027158","HLA-DQA2","Wald ratio",1,-0.125841537,0.01839395,7.84e-12,"Liver",-0.161893679,-0.089789395,0.881754561186371,0.850531629106471,0.91412368401839
"149","COCWRW","ebi-a-GCST90027158","Alzheimer's disease || id:ebi-a-GCST90027158","SIRPB1","Wald ratio",1,-0.066144209,0.015048682,1.11e-05,"Liver",-0.09563962572,-0.03664879228,0.935995875529341,0.908791462132429,0.96401464528754
"150","H7LtcE","ebi-a-GCST90027158","Alzheimer's disease || id:ebi-a-GCST90027158","IGHV2-70","Wald ratio",1,0.107880684,0.023117289,3.06e-06,"Liver",0.06257079756,0.15319057044,1.11391482959533,1.06456982519603,1.16554707659867
"151","hKQNPq","ebi-a-GCST90027158","Alzheimer's disease || id:ebi-a-GCST90027158","KAT8","Wald ratio",1,-0.12307866,0.026577397,3.64e-06,"Liver",-0.17517035812,-0.07098696188,0.884194109116697,0.839314024629951,0.931474036718688
"152","kisTUZ","ebi-a-GCST90027158","Alzheimer's disease || id:ebi-a-GCST90027158","MAPT-IT1","Wald ratio",1,0.112116037,0.022791556,8.69e-07,"Liver",0.06744458724,0.15678748676,1.1186426570523,1.06977097899295,1.16974700075995
"153","kruVgY","ebi-a-GCST90027158","Alzheimer's disease || id:ebi-a-GCST90027158","LRRC37A4P","Wald ratio",1,0.049224662,0.008802951,2.25e-08,"Liver",0.03197087804,0.06647844596,1.05045632185034,1.03248743680946,1.06873792820686
"154","lnJXji","ebi-a-GCST90027158","Alzheimer's disease || id:ebi-a-GCST90027158","DND1P1","Wald ratio",1,-0.042190202,0.007458625,1.54e-08,"Liver",-0.056809107,-0.027571297,0.958687418965801,0.944774402973871,0.972805321979842
"155","LoZnQT","ebi-a-GCST90027158","Alzheimer's disease || id:ebi-a-GCST90027158","LINC02210","Wald ratio",1,0.144303212,0.029481301,9.84e-07,"Liver",0.08651986204,0.20208656196,1.15523433633918,1.09037302453533,1.22395395137894
"156","LzAJzW","ebi-a-GCST90027158","Alzheimer's disease || id:ebi-a-GCST90027158","VKORC1","Wald ratio",1,-0.039046553,0.008528589,4.69e-06,"Liver",-0.05576258744,-0.02233051856,0.961705937807732,0.945763645406863,0.977916961924214
"157","MiHZEk","ebi-a-GCST90027158","Alzheimer's disease || id:ebi-a-GCST90027158","APOC2","Wald ratio",1,0.335741472,0.035769067,6.21e-21,"Liver",0.26563410068,0.40584884332,1.39897730325111,1.304257744346,1.50057571327142
"158","MioZOp","ebi-a-GCST90027158","Alzheimer's disease || id:ebi-a-GCST90027158","RP11-196G11.6","Wald ratio",1,0.07875043,0.01665121,2.25e-06,"Liver",0.0461140584,0.1113868016,1.0819342700375,1.04719384540005,1.11782720059283
"159","mp0FFN","ebi-a-GCST90027158","Alzheimer's disease || id:ebi-a-GCST90027158","AC012146.7","Wald ratio",1,-0.092754855,0.015341134,1.48e-09,"Liver",-0.12282347764,-0.06268623236,0.911416902208583,0.8844197686471,0.939238129991355
"160","mv84mh","ebi-a-GCST90027158","Alzheimer's disease || id:ebi-a-GCST90027158","ZNF646","Wald ratio",1,-0.118973893,0.026650152,8.03e-06,"Liver",-0.17120819092,-0.06673959508,0.887830979062761,0.842646123936977,0.935438762479249
"161","S1pWlk","ebi-a-GCST90027158","Alzheimer's disease || id:ebi-a-GCST90027158","RP11-707O23.1","Wald ratio",1,-0.042618479,0.007880398,6.37e-08,"Liver",-0.05806405908,-0.02717289892,0.958276923103311,0.943589500025447,0.973192962964917
"162","SLFTUz","ebi-a-GCST90027158","Alzheimer's disease || id:ebi-a-GCST90027158","RP11-196G11.2","Wald ratio",1,-0.136098735,0.030164363,6.42e-06,"Liver",-0.19522088648,-0.07697658352,0.872756456625758,0.822652925076696,0.925911534941584
"163","tDy1EQ","ebi-a-GCST90027158","Alzheimer's disease || id:ebi-a-GCST90027158","RP11-137H2.4","Wald ratio",1,-0.061475332,0.013576438,5.95e-06,"Liver",-0.08808515048,-0.03486551352,0.940376142652004,0.915682902564923,0.965735285863725
"164","ttpUmR","ebi-a-GCST90027158","Alzheimer's disease || id:ebi-a-GCST90027158","NECTIN2","Wald ratio",1,0.194377867,0.013852555,9.94e-45,"Liver",0.1672268592,0.2215288748,1.21455513656374,1.18202238754743,1.24798328296821
"165","UDMGCQ","ebi-a-GCST90027158","Alzheimer's disease || id:ebi-a-GCST90027158","INO80E","Wald ratio",1,0.142116117,0.024492352,6.53e-09,"Liver",0.09411110708,0.19012112692,1.15271049005019,1.09868181046374,1.20939607920778
"166","YIbZgg","ebi-a-GCST90027158","Alzheimer's disease || id:ebi-a-GCST90027158","BIN1","Wald ratio",1,-0.328241151,0.033525818,1.23e-22,"Liver",-0.39395175428,-0.26253054772,0.720189324386978,0.674386591722265,0.769102869670604
"167","zYanUK","ebi-a-GCST90027158","Alzheimer's disease || id:ebi-a-GCST90027158","RP11-669E14.4","Wald ratio",1,0.084134049,0.015556862,6.37e-08,"Liver",0.05364259948,0.11462549852,1.08777469914672,1.05510743881262,1.12145337297151
"168","SgKppL","ebi-a-GCST90027158","Alzheimer's disease || id:ebi-a-GCST90027158","Y_RNA","Inverse variance weighted",2,-0.056187482,0.012882245,1.29e-05,"Lung",-0.0814366822,-0.0309382818,0.945361880938697,0.921791073788982,0.96953540920981
"169","0vYqHr","ebi-a-GCST90027158","Alzheimer's disease || id:ebi-a-GCST90027158","PVR","Wald ratio",1,-0.27125146,0.057024455,1.97e-06,"Lung",-0.3830193918,-0.1594835282,0.762424752969792,0.681799677834804,0.852584010874073
"170","10fOiZ","ebi-a-GCST90027158","Alzheimer's disease || id:ebi-a-GCST90027158","CTB-171A8.1","Wald ratio",1,0.068010848,0.00895065,3e-14,"Lung",0.050467574,0.085554122,1.07037691986462,1.05176275834286,1.08932051595364
"171","1i3P2V","ebi-a-GCST90027158","Alzheimer's disease || id:ebi-a-GCST90027158","RP11-385F7.1","Wald ratio",1,-0.184863157,0.026830219,5.57e-12,"Lung",-0.23745038624,-0.13227592776,0.831218022437628,0.788636017208554,0.876099221629142
"172","1pcd4o","ebi-a-GCST90027158","Alzheimer's disease || id:ebi-a-GCST90027158","PRSS36","Wald ratio",1,0.132461246,0.026314846,4.81e-07,"Lung",0.08088414784,0.18403834416,1.14163477231791,1.08424527713293,1.202061914267
"173","3kTGlj","ebi-a-GCST90027158","Alzheimer's disease || id:ebi-a-GCST90027158","ZSCAN26","Wald ratio",1,-0.254358743,0.048169554,1.29e-07,"Lung",-0.34877106884,-0.15994641716,0.775413577950792,0.705554635223576,0.852189450473838
"174","403KpL","ebi-a-GCST90027158","Alzheimer's disease || id:ebi-a-GCST90027158","CHRNE","Wald ratio",1,0.060815603,0.011615531,1.64e-07,"Lung",0.03804916224,0.08358204376,1.06270293688548,1.03878230048795,1.08717440751016
"175","56WK3f","ebi-a-GCST90027158","Alzheimer's disease || id:ebi-a-GCST90027158","SNX22","Wald ratio",1,-0.125480413,0.026600773,2.39e-06,"Lung",-0.17761792808,-0.07334289792,0.882073041422492,0.83726225678321,0.929282126479261
"176","6hroED","ebi-a-GCST90027158","Alzheimer's disease || id:ebi-a-GCST90027158","OTULIN","Wald ratio",1,0.406037827,0.080408475,4.43e-07,"Lung",0.248437216,0.563638438,1.50085932438992,1.28202032947814,1.75705381561703
"177","6S669x","ebi-a-GCST90027158","Alzheimer's disease || id:ebi-a-GCST90027158","HLA-DRB1","Wald ratio",1,0.086717309,0.018057838,1.57e-06,"Lung",0.05132394652,0.12211067148,1.09058833662995,1.05266384484445,1.12987914025777
"178","73XDYu","ebi-a-GCST90027158","Alzheimer's disease || id:ebi-a-GCST90027158","PLEKHM1","Wald ratio",1,-0.178047709,0.036813045,1.32e-06,"Lung",-0.2502012772,-0.1058941408,0.836902494755173,0.77864404400496,0.89951986548936
"179","8hlqau","ebi-a-GCST90027158","Alzheimer's disease || id:ebi-a-GCST90027158","LILRB1","Wald ratio",1,-0.209179407,0.045302943,3.89e-06,"Lung",-0.29797317528,-0.12038563872,0.811249678715727,0.742321252040438,0.886578471796895
"180","A0s682","ebi-a-GCST90027158","Alzheimer's disease || id:ebi-a-GCST90027158","MAPK8IP1P1","Wald ratio",1,-0.048393542,0.008742629,3.11e-08,"Lung",-0.06552909484,-0.03125798916,0.952758762699433,0.936571796956635,0.969225491147888
"181","a1t09A","ebi-a-GCST90027158","Alzheimer's disease || id:ebi-a-GCST90027158","MAPK8IP1P2","Wald ratio",1,-0.045043246,0.008328751,6.37e-08,"Lung",-0.06136759796,-0.02871889404,0.955956139659949,0.940477458630463,0.971689573808942
"182","bfbjeg","ebi-a-GCST90027158","Alzheimer's disease || id:ebi-a-GCST90027158","CTSH","Wald ratio",1,0.141965518,0.030437052,3.1e-06,"Lung",0.08230889608,0.20162213992,1.15253690607421,1.0857911546649,1.22338565216353
"183","cqjv64","ebi-a-GCST90027158","Alzheimer's disease || id:ebi-a-GCST90027158","KANSL1-AS1","Wald ratio",1,-0.042864666,0.007772165,3.48e-08,"Lung",-0.0580981094,-0.0276312226,0.958041036819703,0.943557371048027,0.972747027783914
"184","DDBsqN","ebi-a-GCST90027158","Alzheimer's disease || id:ebi-a-GCST90027158","PLEKHA1","Wald ratio",1,0.299614103,0.064544528,3.45e-06,"Lung",0.17310682812,0.42612137788,1.34933800160693,1.18899311619903,1.5313066306061
"185","DwhDVv","ebi-a-GCST90027158","Alzheimer's disease || id:ebi-a-GCST90027158","RP11-259G18.1","Wald ratio",1,-0.154204993,0.027526574,2.12e-08,"Lung",-0.20815707804,-0.10025290796,0.857096304259022,0.812079466842013,0.904608606385796
"186","DZjG1v","ebi-a-GCST90027158","Alzheimer's disease || id:ebi-a-GCST90027158","PTK2B","Wald ratio",1,0.520682195,0.068232924,2.33e-14,"Lung",0.38694566396,0.65441872604,1.68317551203983,1.47247648055848,1.92402380733173
"187","fr1cXX","ebi-a-GCST90027158","Alzheimer's disease || id:ebi-a-GCST90027158","CELF1","Wald ratio",1,-0.362908222,0.07391037,9.1e-07,"Lung",-0.5077725472,-0.2180438968,0.695650275960411,0.60183464517058,0.804090143907607
"188","gM0Pd6","ebi-a-GCST90027158","Alzheimer's disease || id:ebi-a-GCST90027158","RP11-214N9.1","Wald ratio",1,0.183245041,0.038377735,1.8e-06,"Lung",0.1080246804,0.2584654016,1.20110869289865,1.11407524086974,1.29494134617914
"189","HPQ7LF","ebi-a-GCST90027158","Alzheimer's disease || id:ebi-a-GCST90027158","DOC2A","Wald ratio",1,0.450293909,0.071517268,3.05e-10,"Lung",0.31012006372,0.59046775428,1.56877319430029,1.3635888218508,1.80483243608198
"190","HZVtfe","ebi-a-GCST90027158","Alzheimer's disease || id:ebi-a-GCST90027158","WNT3","Wald ratio",1,-0.124926546,0.025197499,7.13e-07,"Lung",-0.17431364404,-0.07553944796,0.882561727892888,0.840033384871418,0.92724315196176
"191","i2d8yw","ebi-a-GCST90027158","Alzheimer's disease || id:ebi-a-GCST90027158","MAPT","Wald ratio",1,-0.082222055,0.016714545,8.69e-07,"Lung",-0.1149825632,-0.0494615468,0.921067408363113,0.891381686615517,0.951741754948877
"192","iAyXup","ebi-a-GCST90027158","Alzheimer's disease || id:ebi-a-GCST90027158","SLC26A1","Wald ratio",1,-0.05024258,0.010241293,9.3e-07,"Lung",-0.07031551428,-0.03016964572,0.95099870325223,0.932099682745861,0.97028091558101
"193","JA9geV","ebi-a-GCST90027158","Alzheimer's disease || id:ebi-a-GCST90027158","APOC2","Wald ratio",1,-0.161683245,0.017159778,4.42e-21,"Lung",-0.19531640988,-0.12805008012,0.850710628712451,0.822574346225392,0.87980931708516
"194","jGelNc","ebi-a-GCST90027158","Alzheimer's disease || id:ebi-a-GCST90027158","NME8","Wald ratio",1,0.122327443,0.026373348,3.51e-06,"Lung",0.07063568092,0.17401920508,1.13012409242479,1.07319017098255,1.19007842115218
"195","jIaYUd","ebi-a-GCST90027158","Alzheimer's disease || id:ebi-a-GCST90027158","LACTB","Wald ratio",1,0.144945465,0.027431268,1.26e-07,"Lung",0.09118017972,0.19871075028,1.15597652736909,1.09546636830103,1.21982907964647
"196","KReaw2","ebi-a-GCST90027158","Alzheimer's disease || id:ebi-a-GCST90027158","ZNF603P","Wald ratio",1,0.055206874,0.011689211,2.33e-06,"Lung",0.03229602044,0.07811772756,1.05675920806848,1.03282319683458,1.0812499440951
"197","lCRey4","ebi-a-GCST90027158","Alzheimer's disease || id:ebi-a-GCST90027158","EXOC3L2","Wald ratio",1,-0.188365255,0.036536364,2.53e-07,"Lung",-0.25997652844,-0.11675398156,0.828312106834309,0.771069683799519,0.889804074448193
"198","leFHk4","ebi-a-GCST90027158","Alzheimer's disease || id:ebi-a-GCST90027158","CD55","Wald ratio",1,0.332937766,0.055295608,1.73e-09,"Lung",0.22455837432,0.44131715768,1.39506047557453,1.25176978042505,1.5547537262398
"199","LjseHe","ebi-a-GCST90027158","Alzheimer's disease || id:ebi-a-GCST90027158","ZNF668","Wald ratio",1,0.216568616,0.047303145,4.69e-06,"Lung",0.1238544518,0.3092827802,1.24180829034823,1.13185112011667,1.36244758923651
"200","lQrsbl","ebi-a-GCST90027158","Alzheimer's disease || id:ebi-a-GCST90027158","KAT8","Wald ratio",1,-0.127061558,0.026952452,2.43e-06,"Lung",-0.17988836392,-0.07423475208,0.880679458062426,0.835363462908434,0.928453711816389
"201","LT4Xi2","ebi-a-GCST90027158","Alzheimer's disease || id:ebi-a-GCST90027158","NDUFAF6","Wald ratio",1,0.284712547,0.050573939,1.81e-08,"Lung",0.18558762656,0.38383746744,1.32937983897054,1.20392569101995,1.46790683963573
"202","LvmxMT","ebi-a-GCST90027158","Alzheimer's disease || id:ebi-a-GCST90027158","CEACAM19","Wald ratio",1,0.32725801,0.03799521,7.11e-18,"Lung",0.2527873984,0.4017286216,1.3871593319925,1.2876094998931,1.49440572820691
"203","Mhun2B","ebi-a-GCST90027158","Alzheimer's disease || id:ebi-a-GCST90027158","KCTD13","Wald ratio",1,-0.26100106,0.056505384,3.86e-06,"Lung",-0.37175161264,-0.15025050736,0.770280103117737,0.689525490671685,0.860492389746305
"204","NEsLY3","ebi-a-GCST90027158","Alzheimer's disease || id:ebi-a-GCST90027158","INO80E","Wald ratio",1,0.12392169,0.021356717,6.53e-09,"Lung",0.08206252468,0.16578085532,1.13192722630725,1.08552367972846,1.18031441375476
"205","OqS3eo","ebi-a-GCST90027158","Alzheimer's disease || id:ebi-a-GCST90027158","RITA1","Wald ratio",1,-0.266554188,0.057331487,3.33e-06,"Lung",-0.37892390252,-0.15418447348,0.766014493808144,0.68459770684444,0.857113891644221
"206","p5orys","ebi-a-GCST90027158","Alzheimer's disease || id:ebi-a-GCST90027158","KCNH6","Wald ratio",1,0.07369502,0.011942671,6.8e-10,"Lung",0.05028738484,0.09710265516,1.07647845103,1.05157325916828,1.10197349107991
"207","ptRsHF","ebi-a-GCST90027158","Alzheimer's disease || id:ebi-a-GCST90027158","FAM96A","Wald ratio",1,0.344264381,0.072629616,2.14e-06,"Lung",0.20191033364,0.48661842836,1.41095161500009,1.22373827503503,1.62680574799735
"208","qWm90S","ebi-a-GCST90027158","Alzheimer's disease || id:ebi-a-GCST90027158","HLA-E","Wald ratio",1,0.462168389,0.095507482,1.3e-06,"Lung",0.27497372428,0.64936305372,1.58751260037928,1.31649608253071,1.91432112089418
"209","rWuxeF","ebi-a-GCST90027158","Alzheimer's disease || id:ebi-a-GCST90027158","AZGP1","Wald ratio",1,0.199547033,0.040540029,8.56e-07,"Lung",0.12008857616,0.27900548984,1.22084962830126,1.12759672534405,1.32181460040029
"210","sBNdO6","ebi-a-GCST90027158","Alzheimer's disease || id:ebi-a-GCST90027158","RP11-259G18.3","Wald ratio",1,-0.042646211,0.007796382,4.5e-08,"Lung",-0.05792711972,-0.02736530228,0.958250348536165,0.943718723415366,0.9730057353811
"211","SbRrqq","ebi-a-GCST90027158","Alzheimer's disease || id:ebi-a-GCST90027158","HLA-DRB9","Wald ratio",1,-0.053030705,0.011048063,1.59e-06,"Lung",-0.07468490848,-0.03137650152,0.948350892921075,0.928035856493091,0.969110632753764
"212","sFfxWt","ebi-a-GCST90027158","Alzheimer's disease || id:ebi-a-GCST90027158","EPHA1-AS1","Wald ratio",1,-0.180103978,0.022027105,2.92e-16,"Lung",-0.2232771038,-0.1369308522,0.835183366200304,0.799893165145557,0.872030523039587
"213","slbhBo","ebi-a-GCST90027158","Alzheimer's disease || id:ebi-a-GCST90027158","APH1B","Wald ratio",1,0.275901058,0.030318798,9.03e-20,"Lung",0.21647621392,0.33532590208,1.31771747997428,1.24169354998045,1.39839605114893
"214","T7yjCa","ebi-a-GCST90027158","Alzheimer's disease || id:ebi-a-GCST90027158","INCA1","Wald ratio",1,0.232254095,0.050666251,4.56e-06,"Lung",0.13294824304,0.33155994696,1.26144021376091,1.14219088047331,1.39313965826253
"215","Tgc5Vh","ebi-a-GCST90027158","Alzheimer's disease || id:ebi-a-GCST90027158","NBEAL1","Wald ratio",1,0.239538046,0.047827896,5.49e-07,"Lung",0.14579536984,0.33328072216,1.27066202731377,1.15695941503596,1.39553900221034
"216","TTSGFu","ebi-a-GCST90027158","Alzheimer's disease || id:ebi-a-GCST90027158","INPP5D","Wald ratio",1,-0.529239315,0.090486245,4.95e-09,"Lung",-0.7065923552,-0.3518862748,0.589052882988585,0.493322403995829,0.70336010719695
"217","TYEvJQ","ebi-a-GCST90027158","Alzheimer's disease || id:ebi-a-GCST90027158","TMEM219","Wald ratio",1,0.455297757,0.074519793,9.98e-10,"Lung",0.30923896272,0.60135655128,1.5766427695701,1.36238789152443,1.82459227529995
"218","V9F6Jz","ebi-a-GCST90027158","Alzheimer's disease || id:ebi-a-GCST90027158","APOE","Wald ratio",1,0.363058465,0.038519618,4.29e-21,"Lung",0.28756001372,0.43855691628,1.4377199130788,1.33317059828944,1.55046814797407
"219","VwK5XW","ebi-a-GCST90027158","Alzheimer's disease || id:ebi-a-GCST90027158","EARS2","Wald ratio",1,-0.225931606,0.048122616,2.67e-06,"Lung",-0.32025193336,-0.13161127864,0.797772662663321,0.725966118949476,0.876681713760829
"220","xGyka8","ebi-a-GCST90027158","Alzheimer's disease || id:ebi-a-GCST90027158","ACE","Wald ratio",1,0.166035007,0.024139842,6.07e-12,"Lung",0.11872091668,0.21334909732,1.18061443076925,1.126055611093,1.23781669431731
"221","XrclQn","ebi-a-GCST90027158","Alzheimer's disease || id:ebi-a-GCST90027158","C17orf107","Wald ratio",1,0.115960933,0.022269589,1.92e-07,"Lung",0.07231253856,0.15960932744,1.12295200091048,1.07499126778937,1.17305250203757
"222","xv9Xfp","ebi-a-GCST90027158","Alzheimer's disease || id:ebi-a-GCST90027158","DCAF7","Wald ratio",1,0.358566817,0.044274256,5.55e-16,"Lung",0.27178927524,0.44534435876,1.431276662546,1.31231043587089,1.56102765683589
"223","Y2JXZl","ebi-a-GCST90027158","Alzheimer's disease || id:ebi-a-GCST90027158","LINC02210","Wald ratio",1,-0.044446216,0.008118405,4.38e-08,"Lung",-0.0603582898,-0.0285341422,0.956527044560728,0.941427169398546,0.971869111830091
"224","yJuzW2","ebi-a-GCST90027158","Alzheimer's disease || id:ebi-a-GCST90027158","EPHX2","Wald ratio",1,0.154818966,0.028383477,4.91e-08,"Lung",0.09918735108,0.21045058092,1.16744659444665,1.10427316695031,1.23423405700341
"225","ymgQCu","ebi-a-GCST90027158","Alzheimer's disease || id:ebi-a-GCST90027158","TAF6","Wald ratio",1,0.448709689,0.079810024,1.89e-08,"Lung",0.29228204196,0.60513733604,1.56628988000788,1.3394807541453,1.83150372308297
"226","ynttSa","ebi-a-GCST90027158","Alzheimer's disease || id:ebi-a-GCST90027158","FCER1G","Wald ratio",1,-0.363126321,0.063392071,1.01e-08,"Lung",-0.48737478016,-0.23887786184,0.69549857187473,0.61423678604039,0.787511061651038
"227","5AJeBB","ebi-a-GCST90027158","Alzheimer's disease || id:ebi-a-GCST90027158","SIRPB1","Inverse variance weighted",2,-0.032217903,0.007137115,6.36e-06,"Skin - Exposed",-0.0462066484,-0.0182291576,0.968295564580951,0.954844624687737,0.981935988479554
"228","aeCGMK","ebi-a-GCST90027158","Alzheimer's disease || id:ebi-a-GCST90027158","C6orf106","Inverse variance weighted",2,-0.224478609,0.051704208,1.41e-05,"Skin - Exposed",-0.32581885668,-0.12313836132,0.798932666485806,0.721935949462737,0.884141323136958
"229","Ecamn0","ebi-a-GCST90027158","Alzheimer's disease || id:ebi-a-GCST90027158","CTB-171A8.1","Inverse variance weighted",2,0.072548714,0.009776766,1.17e-13,"Skin - Exposed",0.05338625264,0.09171117536,1.07524518430828,1.05483700001937,1.09604821063057
"230","EcqvVz","ebi-a-GCST90027158","Alzheimer's disease || id:ebi-a-GCST90027158","GALNT6","Inverse variance weighted",2,-0.252393473,0.061284405,3.82e-05,"Skin - Exposed",-0.3725109068,-0.1322760392,0.776938973409138,0.689002136708395,0.87609912399665
"231","LX3wV9","ebi-a-GCST90027158","Alzheimer's disease || id:ebi-a-GCST90027158","IDUA","Inverse variance weighted",2,0.193273954,0.042604968,5.72e-06,"Skin - Exposed",0.10976821672,0.27677969128,1.21321511313,1.11601936584917,1.31887577919142
"232","okGZfR","ebi-a-GCST90027158","Alzheimer's disease || id:ebi-a-GCST90027158","HLA-DOB","Inverse variance weighted",2,-0.044204712,0.009339627,2.21e-06,"Skin - Exposed",-0.06251038092,-0.02589904308,0.956758077564672,0.939403310892241,0.974433460443969
"233","txfwK9","ebi-a-GCST90027158","Alzheimer's disease || id:ebi-a-GCST90027158","MIEF2","Inverse variance weighted",2,0.189743999,0.04042941,2.69e-06,"Skin - Exposed",0.1105023554,0.2689856426,1.20894006817262,1.11683897965155,1.30863635229602
"234","0iHrGY","ebi-a-GCST90027158","Alzheimer's disease || id:ebi-a-GCST90027158","CSTF1","Wald ratio",1,0.489362696,0.092843515,1.36e-07,"Skin - Exposed",0.3073894066,0.6713359854,1.63127626971656,1.35987040749351,1.95684989795843
"235","1Gxxbi","ebi-a-GCST90027158","Alzheimer's disease || id:ebi-a-GCST90027158","RP11-455F5.3","Wald ratio",1,-0.138213669,0.024799827,2.5e-08,"Skin - Exposed",-0.18682132992,-0.08960600808,0.870912584842778,0.829591946404093,0.914291337717579
"236","2ymbcn","ebi-a-GCST90027158","Alzheimer's disease || id:ebi-a-GCST90027158","ZNF646","Wald ratio",1,-0.164392618,0.03582916,4.47e-06,"Skin - Exposed",-0.2346177716,-0.0941674644,0.848408855892822,0.790873086017662,0.910130335047578
"237","5vOsAK","ebi-a-GCST90027158","Alzheimer's disease || id:ebi-a-GCST90027158","FCER1G","Wald ratio",1,-0.265809911,0.046529109,1.11e-08,"Skin - Exposed",-0.35700696464,-0.17461285736,0.766584832996394,0.699767624088054,0.839782073293181
"238","7Uqp3C","ebi-a-GCST90027158","Alzheimer's disease || id:ebi-a-GCST90027158","GAL3ST4","Wald ratio",1,0.415040171,0.06737125,7.25e-10,"Skin - Exposed",0.282992521,0.547087821,1.51443157570097,1.32709523643477,1.72821281737217
"239","8H3C8z","ebi-a-GCST90027158","Alzheimer's disease || id:ebi-a-GCST90027158","EARS2","Wald ratio",1,-0.192029687,0.04090163,2.67e-06,"Skin - Exposed",-0.2721968818,-0.1118624922,0.825282367970353,0.761704280616274,0.894167204012167
"240","Aclzhd","ebi-a-GCST90027158","Alzheimer's disease || id:ebi-a-GCST90027158","MS4A2","Wald ratio",1,-0.409076069,0.052659714,7.96e-15,"Skin - Exposed",-0.51228910844,-0.30586302956,0.664263700524854,0.599122551418479,0.736487489563331
"241","AjliXX","ebi-a-GCST90027158","Alzheimer's disease || id:ebi-a-GCST90027158","ADGRF2","Wald ratio",1,0.341974006,0.059699447,1.01e-08,"Skin - Exposed",0.22496308988,0.45898492212,1.40772370466853,1.25227649366318,1.5824668423575
"242","AR2xHD","ebi-a-GCST90027158","Alzheimer's disease || id:ebi-a-GCST90027158","PVR","Wald ratio",1,-0.111134994,0.023497113,2.25e-06,"Skin - Exposed",-0.15718933548,-0.06508065252,0.894817945721596,0.854542248333167,0.936991889572722
"243","bKa0hx","ebi-a-GCST90027158","Alzheimer's disease || id:ebi-a-GCST90027158","MAPK8IP1P1","Wald ratio",1,-0.04775346,0.008508798,2e-08,"Skin - Exposed",-0.06443070408,-0.03107621592,0.953368801650427,0.937601083940662,0.969401686419012
"244","bnGhLK","ebi-a-GCST90027158","Alzheimer's disease || id:ebi-a-GCST90027158","LACTB","Wald ratio",1,0.327334523,0.066439185,8.36e-07,"Skin - Exposed",0.1971137204,0.4575553256,1.38726547177496,1.21788253091975,1.58020616957664
"245","bZVEqx","ebi-a-GCST90027158","Alzheimer's disease || id:ebi-a-GCST90027158","NDUFS2","Wald ratio",1,-0.30287572,0.056789198,9.64e-08,"Skin - Exposed",-0.41418254808,-0.19156889192,0.738690895170439,0.660880297824243,0.825662741655555
"246","cBP3Ts","ebi-a-GCST90027158","Alzheimer's disease || id:ebi-a-GCST90027158","ZKSCAN3","Wald ratio",1,-0.138286618,0.028911308,1.73e-06,"Skin - Exposed",-0.19495278168,-0.08162045432,0.870849054957875,0.822873511843508,0.921621689853654
"247","ccSQ4g","ebi-a-GCST90027158","Alzheimer's disease || id:ebi-a-GCST90027158","RNF167","Wald ratio",1,0.703937411,0.142013498,7.17e-07,"Skin - Exposed",0.42559095492,0.98228386708,2.02169730985065,1.53049460578777,2.6705484600866
"248","cSxlNb","ebi-a-GCST90027158","Alzheimer's disease || id:ebi-a-GCST90027158","CNN2","Wald ratio",1,-0.257805177,0.052061628,7.35e-07,"Skin - Exposed",-0.35984596788,-0.15576438612,0.772745766091098,0.697783798911532,0.85576079574101
"249","CsZS4Q","ebi-a-GCST90027158","Alzheimer's disease || id:ebi-a-GCST90027158","HLA-DQA2","Wald ratio",1,-0.143335084,0.026403831,5.68e-08,"Skin - Exposed",-0.19508659276,-0.09158357524,0.866463682129764,0.822763409616798,0.912485051807949
"250","deL0et","ebi-a-GCST90027158","Alzheimer's disease || id:ebi-a-GCST90027158","HLA-DRB6","Wald ratio",1,-0.041566187,0.009022904,4.09e-06,"Skin - Exposed",-0.05925107884,-0.02388129516,0.959285840988288,0.942470105146946,0.976401606475495
"251","drTDhp","ebi-a-GCST90027158","Alzheimer's disease || id:ebi-a-GCST90027158","WDR81","Wald ratio",1,-0.471038168,0.100220887,2.6e-06,"Skin - Exposed",-0.66747110652,-0.27460522948,0.624353747622788,0.513004271918258,0.75987203910211
"252","dxcVRe","ebi-a-GCST90027158","Alzheimer's disease || id:ebi-a-GCST90027158","MADD","Wald ratio",1,-0.462419661,0.078343827,3.58e-09,"Skin - Exposed",-0.61597356192,-0.30886576008,0.629757999607254,0.540114804054008,0.734279333009493
"253","f3TKOg","ebi-a-GCST90027158","Alzheimer's disease || id:ebi-a-GCST90027158","LRRC37A4P","Wald ratio",1,0.043830802,0.008104563,6.37e-08,"Skin - Exposed",0.02794585852,0.05971574548,1.04480556092098,1.02834000706429,1.06153475760197
"254","HnTUpC","ebi-a-GCST90027158","Alzheimer's disease || id:ebi-a-GCST90027158","RP11-385F7.1","Wald ratio",1,-0.175120639,0.025456834,6.02e-12,"Skin - Exposed",-0.22501603364,-0.12522524436,0.839355755622065,0.798503415740431,0.88229814751964
"255","i7ZVrV","ebi-a-GCST90027158","Alzheimer's disease || id:ebi-a-GCST90027158","CLPTM1","Wald ratio",1,-0.44066162,0.090955067,1.27e-06,"Skin - Exposed",-0.61893355132,-0.26238968868,0.643610454635723,0.538518433744378,0.769211212392834
"256","I9DE8d","ebi-a-GCST90027158","Alzheimer's disease || id:ebi-a-GCST90027158","MARK4","Wald ratio",1,0.758913894,0.104457249,3.72e-13,"Skin - Exposed",0.55417768596,0.96365010204,2.13595508659098,1.74050915103462,2.62124685137214
"257","ICL8th","ebi-a-GCST90027158","Alzheimer's disease || id:ebi-a-GCST90027158","IAH1","Wald ratio",1,-0.20975584,0.04002974,1.61e-07,"Skin - Exposed",-0.2882141304,-0.1312975496,0.810782182382777,0.749601062677134,0.876956797421882
"258","itE0DO","ebi-a-GCST90027158","Alzheimer's disease || id:ebi-a-GCST90027158","ACE","Wald ratio",1,-0.379572867,0.046343199,2.6e-16,"Skin - Exposed",-0.47040553704,-0.28874019696,0.684153571379266,0.624748858099909,0.74920682633109
"259","JFrjYo","ebi-a-GCST90027158","Alzheimer's disease || id:ebi-a-GCST90027158","SLC26A1","Wald ratio",1,-0.055661042,0.011345776,9.3e-07,"Skin - Exposed",-0.07789876296,-0.03342332104,0.945859688268647,0.925058071944299,0.96712906683931
"260","JlvHoo","ebi-a-GCST90027158","Alzheimer's disease || id:ebi-a-GCST90027158","ICA1L","Wald ratio",1,-0.237531087,0.048311408,8.8e-07,"Skin - Exposed",-0.33222144668,-0.14284072732,0.788572376250573,0.717328455259855,0.866892130133343
"261","K8DsPh","ebi-a-GCST90027158","Alzheimer's disease || id:ebi-a-GCST90027158","MAPT","Wald ratio",1,-0.110207415,0.019366158,1.27e-08,"Skin - Exposed",-0.14816508468,-0.07224974532,0.895648345127856,0.862288752528663,0.93029852909232
"262","kcDwC2","ebi-a-GCST90027158","Alzheimer's disease || id:ebi-a-GCST90027158","MAT1A","Wald ratio",1,-0.079317007,0.015669945,4.15e-07,"Skin - Exposed",-0.1100300992,-0.0486039148,0.923747043745827,0.895807171811515,0.952558349252307
"263","m0L2Di","ebi-a-GCST90027158","Alzheimer's disease || id:ebi-a-GCST90027158","ZSCAN26","Wald ratio",1,-0.170951847,0.031715048,7.04e-08,"Skin - Exposed",-0.23311334108,-0.10879035292,0.842862158835993,0.792063795070654,0.89691843411969
"264","n3xkiu","ebi-a-GCST90027158","Alzheimer's disease || id:ebi-a-GCST90027158","SNX31","Wald ratio",1,0.151772909,0.027534023,3.54e-08,"Skin - Exposed",0.09780622392,0.20573959408,1.16389589613565,1.10274907800995,1.2284332710448
"265","NQqb7U","ebi-a-GCST90027158","Alzheimer's disease || id:ebi-a-GCST90027158","DND1P1","Wald ratio",1,-0.043247358,0.007650255,1.58e-08,"Skin - Exposed",-0.0582418578,-0.0282528582,0.957674472324364,0.94342174593381,0.972142521512425
"266","PjZx2v","ebi-a-GCST90027158","Alzheimer's disease || id:ebi-a-GCST90027158","GPC2","Wald ratio",1,0.204062922,0.039168476,1.89e-07,"Skin - Exposed",0.12729270904,0.28083313496,1.22637531701624,1.13574941325197,1.32423261736964
"267","QifcN7","ebi-a-GCST90027158","Alzheimer's disease || id:ebi-a-GCST90027158","APH1B","Wald ratio",1,0.289153835,0.030450714,2.19e-21,"Skin - Exposed",0.22947043556,0.34883723444,1.33529712816299,1.25793367656883,1.41741846465524
"268","qJuX9V","ebi-a-GCST90027158","Alzheimer's disease || id:ebi-a-GCST90027158","KAT8","Wald ratio",1,-0.086381553,0.018653086,3.64e-06,"Skin - Exposed",-0.12294160156,-0.04982150444,0.917244187172871,0.884315303687129,0.951399229883831
"269","Qkq4Qu","ebi-a-GCST90027158","Alzheimer's disease || id:ebi-a-GCST90027158","CEACAM22P","Wald ratio",1,-0.292951255,0.040384241,4.04e-13,"Skin - Exposed",-0.37210436736,-0.21379814264,0.746058506432786,0.689282300196106,0.807511370685657
"270","qxuh2H","ebi-a-GCST90027158","Alzheimer's disease || id:ebi-a-GCST90027158","ZNF668","Wald ratio",1,0.223300483,0.047850103,3.06e-06,"Skin - Exposed",0.12951428112,0.31708668488,1.25019618000026,1.13827536719382,1.37312159564735
"271","rPhDtX","ebi-a-GCST90027158","Alzheimer's disease || id:ebi-a-GCST90027158","B4GALT3","Wald ratio",1,-0.255438622,0.052248809,1.01e-06,"Skin - Exposed",-0.35784628764,-0.15303095636,0.77457667706882,0.699180539437791,0.858103157649966
"272","rXvquA","ebi-a-GCST90027158","Alzheimer's disease || id:ebi-a-GCST90027158","ZSCAN9","Wald ratio",1,-0.148121567,0.031604345,2.78e-06,"Skin - Exposed",-0.2100660832,-0.0861770508,0.862326278151171,0.810530681739211,0.917431784808496
"273","SDgocp","ebi-a-GCST90027158","Alzheimer's disease || id:ebi-a-GCST90027158","ADAM10","Wald ratio",1,-0.145830887,0.031645039,4.06e-06,"Skin - Exposed",-0.20785516344,-0.08380661056,0.86430385584411,0.812324682504645,0.919609081585091
"274","SGRll2","ebi-a-GCST90027158","Alzheimer's disease || id:ebi-a-GCST90027158","PRSS36","Wald ratio",1,-0.32451216,0.059408722,4.7e-08,"Skin - Exposed",-0.44095325512,-0.20807106488,0.722879917376627,0.643422782590762,0.812149319367202
"275","SmkJj0","ebi-a-GCST90027158","Alzheimer's disease || id:ebi-a-GCST90027158","ARHGAP27","Wald ratio",1,-0.095660392,0.020950416,4.97e-06,"Skin - Exposed",-0.13672320736,-0.05459757664,0.908772590110416,0.87221161447872,0.946866112336256
"276","U8weQk","ebi-a-GCST90027158","Alzheimer's disease || id:ebi-a-GCST90027158","RP11-707O23.1","Wald ratio",1,-0.048594338,0.009002354,6.74e-08,"Skin - Exposed",-0.06623895184,-0.03094972416,0.952567471756789,0.935907200822578,0.969524315500095
"277","UpSFWQ","ebi-a-GCST90027158","Alzheimer's disease || id:ebi-a-GCST90027158","BCAM","Wald ratio",1,-0.580917756,0.060004978,3.63e-22,"Skin - Exposed",-0.69852751288,-0.46330799912,0.559384752202479,0.497317057872236,0.629198809981332
"278","upVJpM","ebi-a-GCST90027158","Alzheimer's disease || id:ebi-a-GCST90027158","NDUFAF6","Wald ratio",1,0.281257992,0.050912043,3.31e-08,"Skin - Exposed",0.18147038772,0.38104559628,1.32479534645097,1.19897903168122,1.463814348377
"279","uq9plZ","ebi-a-GCST90027158","Alzheimer's disease || id:ebi-a-GCST90027158","CLU","Wald ratio",1,0.616161814,0.051039352,1.48e-33,"Skin - Exposed",0.51612468408,0.71619894392,1.8518068053186,1.67552187527774,2.04663901726491
"280","V0JZ2P","ebi-a-GCST90027158","Alzheimer's disease || id:ebi-a-GCST90027158","CHRNE","Wald ratio",1,0.07296077,0.014218528,2.88e-07,"Skin - Exposed",0.04509245512,0.10082908488,1.0756883368335,1.04612457501086,1.10608757851579
"281","VDt45N","ebi-a-GCST90027158","Alzheimer's disease || id:ebi-a-GCST90027158","MAPK8IP1P2","Wald ratio",1,-0.045275944,0.00800414,1.54e-08,"Skin - Exposed",-0.0609640584,-0.0295878296,0.955733716457883,0.940857055076249,0.970845604915373
"282","VpX8Yb","ebi-a-GCST90027158","Alzheimer's disease || id:ebi-a-GCST90027158","KANSL1-AS1","Wald ratio",1,-0.039698424,0.007678612,2.34e-07,"Skin - Exposed",-0.05474850352,-0.02464834448,0.961079233883597,0.946723215571896,0.975652945453872
"283","VxJYte","ebi-a-GCST90027158","Alzheimer's disease || id:ebi-a-GCST90027158","RP11-259G18.1","Wald ratio",1,-0.068400939,0.012344921,3.01e-08,"Skin - Exposed",-0.09259698416,-0.04420489384,0.933885967199321,0.911560799718836,0.956757903587799
"284","wn8pEQ","ebi-a-GCST90027158","Alzheimer's disease || id:ebi-a-GCST90027158","INO80E","Wald ratio",1,0.140239026,0.023091567,1.25e-09,"Skin - Exposed",0.09497955468,0.18549849732,1.15054877706443,1.09963637247875,1.20381839081996
"285","yBinLy","ebi-a-GCST90027158","Alzheimer's disease || id:ebi-a-GCST90027158","LINC02210","Wald ratio",1,-0.044821178,0.008398615,9.46e-08,"Skin - Exposed",-0.0612824634,-0.0283598926,0.95616845050082,0.94055752917343,0.972038474389331
"286","z3GiD5","ebi-a-GCST90027158","Alzheimer's disease || id:ebi-a-GCST90027158","RP11-259G18.3","Wald ratio",1,-0.042572177,0.007690959,3.11e-08,"Skin - Exposed",-0.05764645664,-0.02749789736,0.958321294268634,0.943983627591605,0.972876728160827
"287","z5xCtx","ebi-a-GCST90027158","Alzheimer's disease || id:ebi-a-GCST90027158","FAM157C","Wald ratio",1,-0.160205334,0.030643302,1.71e-07,"Skin - Exposed",-0.22026620592,-0.10014446208,0.851968832836283,0.802305191140511,0.904706712781692
"288","atDC4a","ebi-a-GCST90027158","Alzheimer's disease || id:ebi-a-GCST90027158","SIRPB1","Inverse variance weighted",2,-0.03324182,0.007360559,6.3e-06,"Skin - Unexposed",-0.04766851564,-0.01881512436,0.967304617701606,0.953449788392762,0.981360775174255
"289","YH44PD","ebi-a-GCST90027158","Alzheimer's disease || id:ebi-a-GCST90027158","HLA-DRB6","Inverse variance weighted",2,-0.036037833,0.00775903,3.41e-06,"Skin - Unexposed",-0.0512455318,-0.0208301342,0.964603798937253,0.950045375541791,0.979385314510434
"290","ylJaZO","ebi-a-GCST90027158","Alzheimer's disease || id:ebi-a-GCST90027158","HLA-DOB","Inverse variance weighted",2,-0.049289711,0.010291173,1.67e-06,"Skin - Unexposed",-0.06946041008,-0.02911901192,0.951905312306834,0.932897065973682,0.971300861207268
"291","071GY8","ebi-a-GCST90027158","Alzheimer's disease || id:ebi-a-GCST90027158","B4GALT3","Wald ratio",1,-0.395259053,0.070317622,1.9e-08,"Skin - Unexposed",-0.53308159212,-0.25743651388,0.673505543016522,0.586793921131641,0.773030701475549
"292","1EkTRl","ebi-a-GCST90027158","Alzheimer's disease || id:ebi-a-GCST90027158","RP11-707O23.1","Wald ratio",1,-0.046651918,0.00864251,6.74e-08,"Skin - Unexposed",-0.0635912376,-0.0297125984,0.954419556045735,0.938388499080308,0.970724481230648
"293","1rdKti","ebi-a-GCST90027158","Alzheimer's disease || id:ebi-a-GCST90027158","CLPTM1","Wald ratio",1,-0.346462025,0.071511735,1.27e-06,"Skin - Unexposed",-0.4866250256,-0.2062990244,0.707185674153337,0.614697485555844,0.813589756716642
"294","1UlKad","ebi-a-GCST90027158","Alzheimer's disease || id:ebi-a-GCST90027158","ICA1L","Wald ratio",1,-0.155704968,0.03318756,2.71e-06,"Skin - Unexposed",-0.2207525856,-0.0906573504,0.85581164494933,0.80191506108174,0.913330609656954
"295","29PyHA","ebi-a-GCST90027158","Alzheimer's disease || id:ebi-a-GCST90027158","AC012146.7","Wald ratio",1,-0.090104385,0.016567992,5.37e-08,"Skin - Unexposed",-0.12257764932,-0.05763112068,0.913835789543482,0.884637210798626,0.943998104597768
"296","3pR5c4","ebi-a-GCST90027158","Alzheimer's disease || id:ebi-a-GCST90027158","PRSS36","Wald ratio",1,-0.262715644,0.044354589,3.16e-09,"Skin - Unexposed",-0.34965063844,-0.17578064956,0.768960524764653,0.704934323658883,0.838801954737077
"297","3VSYJy","ebi-a-GCST90027158","Alzheimer's disease || id:ebi-a-GCST90027158","CHRNE","Wald ratio",1,0.074861164,0.014907882,5.12e-07,"Skin - Unexposed",0.04564171528,0.10408061272,1.07773451214852,1.04669932739216,1.10968990643178
"298","4jZPtO","ebi-a-GCST90027158","Alzheimer's disease || id:ebi-a-GCST90027158","MAPK8IP1P2","Wald ratio",1,-0.043502517,0.008043862,6.37e-08,"Skin - Unexposed",-0.05926848652,-0.02773654748,0.957430144236261,0.942453699071742,0.972644578715255
"299","5kB8Nj","ebi-a-GCST90027158","Alzheimer's disease || id:ebi-a-GCST90027158","C7orf43","Wald ratio",1,0.373562476,0.060613312,7.14e-10,"Skin - Unexposed",0.25476038448,0.49236456752,1.45290133217166,1.29015244328392,1.63618050875685
"300","5TB04j","ebi-a-GCST90027158","Alzheimer's disease || id:ebi-a-GCST90027158","TP53INP1","Wald ratio",1,0.194306666,0.040047939,1.22e-06,"Skin - Unexposed",0.11581270556,0.27280062644,1.21446866210204,1.12278556094593,1.31363831396736
"301","7l8hE0","ebi-a-GCST90027158","Alzheimer's disease || id:ebi-a-GCST90027158","ZSCAN9","Wald ratio",1,-0.137158955,0.029770936,4.08e-06,"Skin - Unexposed",-0.19550998956,-0.07880792044,0.871831633120133,0.822415127957882,0.92421743067431
"302","7xXA0L","ebi-a-GCST90027158","Alzheimer's disease || id:ebi-a-GCST90027158","KANSL1-AS1","Wald ratio",1,-0.04195877,0.007489908,2.12e-08,"Skin - Unexposed",-0.05663898968,-0.02727855032,0.958909315588546,0.944935139134924,0.973090149197215
"303","8hTc2S","ebi-a-GCST90027158","Alzheimer's disease || id:ebi-a-GCST90027158","APOC2","Wald ratio",1,0.214600938,0.028379619,3.98e-14,"Skin - Unexposed",0.15897688476,0.27022499124,1.2393672139089,1.17231084812092,1.31025921441775
"304","97VI5R","ebi-a-GCST90027158","Alzheimer's disease || id:ebi-a-GCST90027158","CTB-171A8.1","Wald ratio",1,0.07741781,0.010188665,3e-14,"Skin - Unexposed",0.0574480266,0.0973875934,1.08049342305455,1.05913022262552,1.10228753020574
"305","9yIVVW","ebi-a-GCST90027158","Alzheimer's disease || id:ebi-a-GCST90027158","ADGRF2","Wald ratio",1,0.212647254,0.041001928,2.15e-07,"Skin - Unexposed",0.13228347512,0.29301103288,1.23694824573209,1.14143184093798,1.34045757945772
"306","aa1r0x","ebi-a-GCST90027158","Alzheimer's disease || id:ebi-a-GCST90027158","GAL3ST4","Wald ratio",1,0.338841616,0.065192805,2.02e-07,"Skin - Unexposed",0.2110637182,0.4666195138,1.4033210640069,1.23499104396075,1.59459456675059
"307","aLgEkz","ebi-a-GCST90027158","Alzheimer's disease || id:ebi-a-GCST90027158","ZSCAN26","Wald ratio",1,-0.151334109,0.028396789,9.86e-08,"Skin - Unexposed",-0.20699181544,-0.09567640256,0.859560463791003,0.813026304222908,0.908758040268812
"308","B2Afge","ebi-a-GCST90027158","Alzheimer's disease || id:ebi-a-GCST90027158","HLA-DQA2","Wald ratio",1,-0.200889111,0.037005889,5.68e-08,"Skin - Unexposed",-0.27342065344,-0.12835756856,0.818003134074345,0.760772698657642,0.879538827479096
"309","C1pZ2x","ebi-a-GCST90027158","Alzheimer's disease || id:ebi-a-GCST90027158","STAG3","Wald ratio",1,-0.216577824,0.043819234,7.71e-07,"Skin - Unexposed",-0.30246352264,-0.13069212536,0.805269863162189,0.73899544437016,0.877487889076133
"310","CD2XLI","ebi-a-GCST90027158","Alzheimer's disease || id:ebi-a-GCST90027158","LRRC37A4P","Wald ratio",1,0.044267172,0.008185251,6.37e-08,"Skin - Unexposed",0.02822408004,0.06031026396,1.04526158221336,1.02862615318829,1.06216604727062
"311","cKn5Th","ebi-a-GCST90027158","Alzheimer's disease || id:ebi-a-GCST90027158","EARS2","Wald ratio",1,-0.154491509,0.032906134,2.67e-06,"Skin - Unexposed",-0.21898753164,-0.08999548636,0.856850767631077,0.803331734320447,0.913935310436893
"312","dwwUQC","ebi-a-GCST90027158","Alzheimer's disease || id:ebi-a-GCST90027158","INO80E","Wald ratio",1,0.132832476,0.021741044,9.98e-10,"Skin - Unexposed",0.09022002976,0.17544492224,1.1420586600695,1.09441506109838,1.19177634647198
"313","e5sa5y","ebi-a-GCST90027158","Alzheimer's disease || id:ebi-a-GCST90027158","AC092066.1","Wald ratio",1,-0.148952655,0.031313911,1.97e-06,"Skin - Unexposed",-0.21032792056,-0.08757738944,0.861609906854343,0.810318482307387,0.916147968729087
"314","EjsnaY","ebi-a-GCST90027158","Alzheimer's disease || id:ebi-a-GCST90027158","APH1B","Wald ratio",1,0.344197318,0.036247328,2.19e-21,"Skin - Unexposed",0.27315255512,0.41524208088,1.4108569955247,1.31410070232428,1.51473738527063
"315","FcBaS3","ebi-a-GCST90027158","Alzheimer's disease || id:ebi-a-GCST90027158","RP11-259G18.1","Wald ratio",1,-0.073585921,0.013269592,2.93e-08,"Skin - Unexposed",-0.09959432132,-0.04757752068,0.929056316914274,0.905204565752288,0.95353655146556
"316","itTJlg","ebi-a-GCST90027158","Alzheimer's disease || id:ebi-a-GCST90027158","DND1P1","Wald ratio",1,-0.043318075,0.007817995,3.01e-08,"Skin - Unexposed",-0.0586413452,-0.0279948048,0.957606750853262,0.943044936103825,0.972393418566413
"317","JcHiFi","ebi-a-GCST90027158","Alzheimer's disease || id:ebi-a-GCST90027158","MAPK8IP1P1","Wald ratio",1,-0.046594939,0.008302371,2e-08,"Skin - Unexposed",-0.06286758616,-0.03032229184,0.954473939466961,0.939067811031838,0.970132817267541
"318","jYtp6M","ebi-a-GCST90027158","Alzheimer's disease || id:ebi-a-GCST90027158","NUP160","Wald ratio",1,-0.333662216,0.059121411,1.66e-08,"Skin - Unexposed",-0.44954018156,-0.21778425044,0.716295694592747,0.637921412221901,0.804298950093294
"319","JzbRbB","ebi-a-GCST90027158","Alzheimer's disease || id:ebi-a-GCST90027158","CPSF3","Wald ratio",1,0.148472845,0.031770672,2.96e-06,"Skin - Unexposed",0.08620232788,0.21074336212,1.16006129588222,1.09002684881712,1.23459547043664
"320","kHTvev","ebi-a-GCST90027158","Alzheimer's disease || id:ebi-a-GCST90027158","KAT8","Wald ratio",1,-0.096078503,0.020747029,3.64e-06,"Skin - Unexposed",-0.13674267984,-0.05541432616,0.908392701717285,0.872194630520861,0.946093075625155
"321","kq29Jk","ebi-a-GCST90027158","Alzheimer's disease || id:ebi-a-GCST90027158","RP11-385F7.1","Wald ratio",1,-0.222430437,0.033904807,5.36e-11,"Skin - Unexposed",-0.28888385872,-0.15597701528,0.800570694912539,0.749099201690773,0.855578855385449
"322","lee7sx","ebi-a-GCST90027158","Alzheimer's disease || id:ebi-a-GCST90027158","C17orf107","Wald ratio",1,0.14061411,0.027325011,2.66e-07,"Skin - Unexposed",0.08705708844,0.19417113156,1.15098041044626,1.09095895908562,1.21430407092616
"323","LQPhvA","ebi-a-GCST90027158","Alzheimer's disease || id:ebi-a-GCST90027158","TRIM72","Wald ratio",1,0.165323027,0.035483967,3.18e-06,"Skin - Unexposed",0.09577445168,0.23487160232,1.17977415607171,1.1005108176332,1.26474636780775
"324","MxWASr","ebi-a-GCST90027158","Alzheimer's disease || id:ebi-a-GCST90027158","RP11-259G18.3","Wald ratio",1,-0.042054002,0.007787778,6.66e-08,"Skin - Unexposed",-0.05731804688,-0.02678995712,0.958818001084705,0.944293691939479,0.973565710595672
"325","nxnr2h","ebi-a-GCST90027158","Alzheimer's disease || id:ebi-a-GCST90027158","CTB-39G8.3","Wald ratio",1,-0.21472873,0.040082696,8.45e-08,"Skin - Unexposed",-0.29329081416,-0.13616664584,0.806760260352136,0.745805218438594,0.872697189014152
"326","ovJl8I","ebi-a-GCST90027158","Alzheimer's disease || id:ebi-a-GCST90027158","CD2AP","Wald ratio",1,0.380290719,0.083502989,5.26e-06,"Skin - Unexposed",0.21662486056,0.54395657744,1.46270976514811,1.24187813727336,1.72280982557365
"327","p9sMqU","ebi-a-GCST90027158","Alzheimer's disease || id:ebi-a-GCST90027158","FCER1G","Wald ratio",1,-0.355785635,0.062110585,1.01e-08,"Skin - Unexposed",-0.4775223816,-0.2340488884,0.700622793143822,0.620318401722467,0.791323128428276
"328","pzdJay","ebi-a-GCST90027158","Alzheimer's disease || id:ebi-a-GCST90027158","LINC02210","Wald ratio",1,-0.045606368,0.008254169,3.29e-08,"Skin - Unexposed",-0.06178453924,-0.02942819676,0.955417971268123,0.940085416490006,0.971000596127002
"329","QJ2CyJ","ebi-a-GCST90027158","Alzheimer's disease || id:ebi-a-GCST90027158","ACE","Wald ratio",1,-0.410196895,0.050649312,5.55e-16,"Skin - Unexposed",-0.50946954652,-0.31092424348,0.663519593583552,0.600814198280703,0.732769385825318
"330","Rou6zD","ebi-a-GCST90027158","Alzheimer's disease || id:ebi-a-GCST90027158","NBEAL1","Wald ratio",1,0.164360128,0.032872026,5.73e-07,"Skin - Unexposed",0.09993095704,0.22878929896,1.17863869946935,1.10509461643823,1.25707714364243
"331","rvxH3R","ebi-a-GCST90027158","Alzheimer's disease || id:ebi-a-GCST90027158","RP11-455F5.3","Wald ratio",1,-0.105060081,0.019713791,9.86e-08,"Skin - Unexposed",-0.14369911136,-0.06642105064,0.900270431813554,0.866148323046172,0.935736788760784
"332","tqZV3S","ebi-a-GCST90027158","Alzheimer's disease || id:ebi-a-GCST90027158","GULOP","Wald ratio",1,-0.175297915,0.025687778,8.84e-12,"Skin - Unexposed",-0.22564595988,-0.12494987012,0.839206971179476,0.798000575878766,0.8825411431573
"333","wolZ1u","ebi-a-GCST90027158","Alzheimer's disease || id:ebi-a-GCST90027158","SLC26A1","Wald ratio",1,-0.055379642,0.011565773,1.68e-06,"Skin - Unexposed",-0.07804855708,-0.03271072692,0.946125890637842,0.924919514062301,0.967818482933375
"334","XAzTlE","ebi-a-GCST90027158","Alzheimer's disease || id:ebi-a-GCST90027158","AC093673.5","Wald ratio",1,-0.246146551,0.046911338,1.55e-07,"Skin - Unexposed",-0.33809277348,-0.15420032852,0.78180764183783,0.713129125358616,0.857100302176915
"335","Xuzv0w","ebi-a-GCST90027158","Alzheimer's disease || id:ebi-a-GCST90027158","FAM171A2","Wald ratio",1,0.178517592,0.037209622,1.61e-06,"Skin - Unexposed",0.10558673288,0.25144845112,1.19544391333782,1.11136249201247,1.28588661234071
"336","Yt7QtO","ebi-a-GCST90027158","Alzheimer's disease || id:ebi-a-GCST90027158","MAT1A","Wald ratio",1,-0.065034806,0.011321849,9.24e-09,"Skin - Unexposed",-0.08722563004,-0.04284398196,0.937034848374875,0.916470289075161,0.958060853183771
"337","h8QQy2","ebi-a-GCST90027158","Alzheimer's disease || id:ebi-a-GCST90027158","HLA-DRB6","Inverse variance weighted",2,-0.049021795,0.010320817,2.04e-06,"Whole Blood",-0.06925059632,-0.02879299368,0.952160377136935,0.933092821150134,0.971617574628921
"338","0e1CdV","ebi-a-GCST90027158","Alzheimer's disease || id:ebi-a-GCST90027158","FAM213A","Wald ratio",1,0.132713409,0.029371,6.23e-06,"Whole Blood",0.075146249,0.190280569,1.14192268666615,1.07804180189168,1.20958892320751
"339","1PCKMA","ebi-a-GCST90027158","Alzheimer's disease || id:ebi-a-GCST90027158","MS4A6A","Wald ratio",1,0.513514209,0.062106438,1.36e-16,"Whole Blood",0.39178559052,0.63524282748,1.67115367120089,1.47962043274215,1.88748041792886
"340","1WnO3K","ebi-a-GCST90027158","Alzheimer's disease || id:ebi-a-GCST90027158","LAMTOR4","Wald ratio",1,0.495604202,0.104393225,2.06e-06,"Whole Blood",0.290993481,0.700214923,1.64148973087459,1.33775586309114,2.01418555575648
"341","370O2M","ebi-a-GCST90027158","Alzheimer's disease || id:ebi-a-GCST90027158","LACTB","Wald ratio",1,0.2934529,0.056060578,1.65e-07,"Whole Blood",0.18357416712,0.40333163288,1.34105001446697,1.20150407420403,1.49680319851872
"342","4cr4Nh","ebi-a-GCST90027158","Alzheimer's disease || id:ebi-a-GCST90027158","RP11-259G18.3","Wald ratio",1,-0.043409869,0.007920942,4.24e-08,"Whole Blood",-0.05893491532,-0.02788482268,0.957518852333515,0.942768126922208,0.972500370337344
"343","6P2pyD","ebi-a-GCST90027158","Alzheimer's disease || id:ebi-a-GCST90027158","CNPY4","Wald ratio",1,-0.353989189,0.057453743,7.22e-10,"Whole Blood",-0.46659852528,-0.24137985272,0.701882555366683,0.627131817448788,0.785543178995688
"344","793ybp","ebi-a-GCST90027158","Alzheimer's disease || id:ebi-a-GCST90027158","WNT3","Wald ratio",1,-0.237094889,0.04045031,4.59e-09,"Whole Blood",-0.3163774966,-0.1578122814,0.788916424975177,0.72878428464428,0.8540100804992
"345","7WLk6Y","ebi-a-GCST90027158","Alzheimer's disease || id:ebi-a-GCST90027158","SLC24A4","Wald ratio",1,-0.227039481,0.037012401,8.56e-10,"Whole Blood",-0.29958378696,-0.15449517504,0.796889319681826,0.741126623061529,0.856847626387646
"346","8bQFjD","ebi-a-GCST90027158","Alzheimer's disease || id:ebi-a-GCST90027158","RP11-333E1.1","Wald ratio",1,0.250091424,0.035769231,2.71e-12,"Whole Blood",0.17998373124,0.32019911676,1.28414281279377,1.1971978860383,1.37740200085614
"347","9MVNSv","ebi-a-GCST90027158","Alzheimer's disease || id:ebi-a-GCST90027158","APH1B","Wald ratio",1,0.902438709,0.095035581,2.19e-21,"Whole Blood",0.71616897024,1.08870844776,2.4656086873505,2.04657767288129,2.97043512185861
"348","a2up29","ebi-a-GCST90027158","Alzheimer's disease || id:ebi-a-GCST90027158","ARL17A","Wald ratio",1,-0.186756447,0.034597603,6.74e-08,"Whole Blood",-0.25456774888,-0.11894514512,0.829645774498227,0.775251528888761,0.887856502688081
"349","bVG7Qo","ebi-a-GCST90027158","Alzheimer's disease || id:ebi-a-GCST90027158","ZSCAN26","Wald ratio",1,-0.282445289,0.052998887,9.86e-08,"Whole Blood",-0.38632310752,-0.17856747048,0.753937889526837,0.679550922191279,0.836467618101741
"350","C3aLKb","ebi-a-GCST90027158","Alzheimer's disease || id:ebi-a-GCST90027158","OARD1","Wald ratio",1,-0.284038536,0.061851943,4.39e-06,"Whole Blood",-0.40526834428,-0.16280872772,0.752737636649707,0.666797855458291,0.84975370720044
"351","CAlcnv","ebi-a-GCST90027158","Alzheimer's disease || id:ebi-a-GCST90027158","NME8","Wald ratio",1,0.14842282,0.032545727,5.1e-06,"Whole Blood",0.08463319508,0.21221244492,1.1600032652674,1.08831779315407,1.23641052631447
"352","Cl9nJW","ebi-a-GCST90027158","Alzheimer's disease || id:ebi-a-GCST90027158","INO80E","Wald ratio",1,0.25906081,0.043264738,2.13e-09,"Whole Blood",0.17426192352,0.34385969648,1.2957125947153,1.19036731018797,1.41038074024291
"353","cXeUev","ebi-a-GCST90027158","Alzheimer's disease || id:ebi-a-GCST90027158","MAPK8IP1P2","Wald ratio",1,-0.043553434,0.008053277,6.37e-08,"Whole Blood",-0.05933785692,-0.02776901108,0.957381396006674,0.942388322949266,0.972613003683231
"354","dk5njq","ebi-a-GCST90027158","Alzheimer's disease || id:ebi-a-GCST90027158","KANSL1-AS1","Wald ratio",1,-0.043184346,0.008023321,7.35e-08,"Whole Blood",-0.05891005516,-0.02745863684,0.957734819209483,0.942791564580017,0.972914924556871
"355","ds1Z6t","ebi-a-GCST90027158","Alzheimer's disease || id:ebi-a-GCST90027158","ZNF668","Wald ratio",1,0.126400253,0.027320888,3.72e-06,"Whole Blood",0.07285131252,0.17994919348,1.13473625899325,1.07557060114253,1.19715653821907
"356","eNBtRt","ebi-a-GCST90027158","Alzheimer's disease || id:ebi-a-GCST90027158","MAPK8IP1P1","Wald ratio",1,-0.049655678,0.008847739,2e-08,"Whole Blood",-0.06699724644,-0.03231410956,0.951557010112847,0.935197776456421,0.968202412676603
"357","eV0d15","ebi-a-GCST90027158","Alzheimer's disease || id:ebi-a-GCST90027158","IGHG1","Wald ratio",1,0.56165507,0.113400833,7.31e-07,"Whole Blood",0.33938943732,0.78392070268,1.75357238492523,1.4040900438171,2.19004195828692
"358","fUHiAH","ebi-a-GCST90027158","Alzheimer's disease || id:ebi-a-GCST90027158","IQCD","Wald ratio",1,0.143053609,0.031140922,4.35e-06,"Whole Blood",0.08201740188,0.20408981612,1.15379165362484,1.08547469896565,1.2264082997447
"359","Gb8FTU","ebi-a-GCST90027158","Alzheimer's disease || id:ebi-a-GCST90027158","CEACAM19","Wald ratio",1,0.286695597,0.033285845,7.11e-18,"Whole Blood",0.2214553408,0.3519358532,1.33201868127356,1.24789151713948,1.42181731576227
"360","h1YC4V","ebi-a-GCST90027158","Alzheimer's disease || id:ebi-a-GCST90027158","RP11-196G11.5","Wald ratio",1,0.427129397,0.072258733,3.4e-09,"Whole Blood",0.28550228032,0.56875651368,1.53285099521209,1.33043010918642,1.76606960207743
"361","hBHpXS","ebi-a-GCST90027158","Alzheimer's disease || id:ebi-a-GCST90027158","RP11-455F5.3","Wald ratio",1,-0.223877267,0.041069208,5e-08,"Whole Blood",-0.30437291468,-0.14338161932,0.799413242734195,0.73758575860076,0.866423361903212
"362","hGglxQ","ebi-a-GCST90027158","Alzheimer's disease || id:ebi-a-GCST90027158","LRRC37A4P","Wald ratio",1,0.044524097,0.008263942,7.13e-08,"Whole Blood",0.02832677068,0.06072142332,1.04553017054743,1.02873178889008,1.06260285657579
"363","IjJ0uB","ebi-a-GCST90027158","Alzheimer's disease || id:ebi-a-GCST90027158","RITA1","Wald ratio",1,-0.213769141,0.046667911,4.64e-06,"Whole Blood",-0.30523824656,-0.12230003544,0.807534790179326,0.736947778201808,0.884882832459522
"364","j6kD3u","ebi-a-GCST90027158","Alzheimer's disease || id:ebi-a-GCST90027158","BIN1","Wald ratio",1,0.384295121,0.038662418,2.8e-23,"Whole Blood",0.30851678172,0.46007346028,1.46857878617427,1.3614043560626,1.58419035578722
"365","Jf1HLQ","ebi-a-GCST90027158","Alzheimer's disease || id:ebi-a-GCST90027158","FCER1G","Wald ratio",1,-0.290342386,0.050685957,1.01e-08,"Whole Blood",-0.38968686172,-0.19099791028,0.748007416462497,0.677268920121375,0.82613431453879
"366","JOukDh","ebi-a-GCST90027158","Alzheimer's disease || id:ebi-a-GCST90027158","PLD2","Wald ratio",1,0.090090247,0.018683039,1.42e-06,"Whole Blood",0.05347149056,0.12670900344,1.09427303410769,1.05492691596326,1.13508666340347
"367","K8SPEx","ebi-a-GCST90027158","Alzheimer's disease || id:ebi-a-GCST90027158","RP11-137H2.4","Wald ratio",1,-0.064866318,0.014325316,5.95e-06,"Whole Blood",-0.09294393736,-0.03678869864,0.937192740803525,0.911244585641294,0.963879782941801
"368","lN1wi7","ebi-a-GCST90027158","Alzheimer's disease || id:ebi-a-GCST90027158","HLA-E","Wald ratio",1,0.516557123,0.110964123,3.24e-06,"Whole Blood",0.29906744192,0.73404680408,1.67624659283466,1.34860057261791,2.08349506669377
"369","lQqdYd","ebi-a-GCST90027158","Alzheimer's disease || id:ebi-a-GCST90027158","PLEKHM1","Wald ratio",1,0.789918905,0.14126287,2.25e-08,"Whole Blood",0.5130436798,1.0667941302,2.20321774906776,1.67036752956671,2.90604813843955
"370","Luf9Zg","ebi-a-GCST90027158","Alzheimer's disease || id:ebi-a-GCST90027158","OTULIN","Wald ratio",1,0.184112571,0.036460177,4.43e-07,"Whole Blood",0.11265062408,0.25557451792,1.20215114283592,1.11924082883711,1.29120322721182
"371","MB2tkv","ebi-a-GCST90027158","Alzheimer's disease || id:ebi-a-GCST90027158","SLC26A1","Wald ratio",1,-0.087424238,0.018258133,1.68e-06,"Whole Blood",-0.12321017868,-0.05163829732,0.916288288854592,0.884077828721291,0.949672303745508
"372","N2gP70","ebi-a-GCST90027158","Alzheimer's disease || id:ebi-a-GCST90027158","AC012146.7","Wald ratio",1,-0.203478096,0.034087825,2.38e-09,"Whole Blood",-0.270290233,-0.136665959,0.815888075339352,0.763157968564673,0.872261548592531
"373","NRoA9h","ebi-a-GCST90027158","Alzheimer's disease || id:ebi-a-GCST90027158","CTSH","Wald ratio",1,0.097692067,0.020944935,3.1e-06,"Whole Blood",0.0566399944,0.1387441396,1.10262319875681,1.05827475697008,1.14883012226196
"374","odkQWy","ebi-a-GCST90027158","Alzheimer's disease || id:ebi-a-GCST90027158","KAT8","Wald ratio",1,-0.622267655,0.106240819,4.71e-09,"Whole Blood",-0.83049966024,-0.41403564976,0.536725947281016,0.435831464253526,0.66097738716067
"375","ofgOdX","ebi-a-GCST90027158","Alzheimer's disease || id:ebi-a-GCST90027158","PICALM","Wald ratio",1,1.22696905,0.142106585,5.92e-18,"Whole Blood",0.9484401434,1.5054979566,3.4108756595944,2.5816794671162,4.50639706183552
"376","P5XqVL","ebi-a-GCST90027158","Alzheimer's disease || id:ebi-a-GCST90027158","GAL3ST4","Wald ratio",1,-0.403385636,0.065800494,8.76e-10,"Whole Blood",-0.53235460424,-0.27441666776,0.668054423806497,0.587220668301577,0.760015335390456
"377","P6WWy6","ebi-a-GCST90027158","Alzheimer's disease || id:ebi-a-GCST90027158","IGHV1-58","Wald ratio",1,0.28216368,0.055873996,4.42e-07,"Whole Blood",0.17265064784,0.39167671216,1.32599574120821,1.18845084468255,1.47945934286577
"378","QOTME9","ebi-a-GCST90027158","Alzheimer's disease || id:ebi-a-GCST90027158","ZSCAN21","Wald ratio",1,0.15287317,0.029273586,1.77e-07,"Whole Blood",0.09549694144,0.21024939856,1.16517719014788,1.10020545698439,1.23398577585876
"379","rG6CwS","ebi-a-GCST90027158","Alzheimer's disease || id:ebi-a-GCST90027158","RP11-1072A3.3","Wald ratio",1,0.221616838,0.047978903,3.86e-06,"Whole Blood",0.12757818812,0.31565548788,1.24809306439962,1.1360736922348,1.37115779376791
"380","rGhdwy","ebi-a-GCST90027158","Alzheimer's disease || id:ebi-a-GCST90027158","CARF","Wald ratio",1,0.36368564,0.074570837,1.08e-06,"Whole Blood",0.21752679948,0.50984448052,1.43862189788688,1.24299874078126,1.66503222986278
"381","SG3RJ2","ebi-a-GCST90027158","Alzheimer's disease || id:ebi-a-GCST90027158","PTK2B","Wald ratio",1,0.521182571,0.067980335,1.77e-14,"Whole Blood",0.3879411144,0.6544240276,1.68401794341849,1.47394298771544,1.92403400768643
"382","snUA51","ebi-a-GCST90027158","Alzheimer's disease || id:ebi-a-GCST90027158","ZNF192P1","Wald ratio",1,0.152580175,0.033275464,4.53e-06,"Whole Blood",0.08736026556,0.21780008444,1.16483584906511,1.09128976302444,1.24333848006312
"383","sT2fPB","ebi-a-GCST90027158","Alzheimer's disease || id:ebi-a-GCST90027158","KIF1C","Wald ratio",1,0.263397783,0.04882831,6.88e-08,"Whole Blood",0.1676942954,0.3591012706,1.30134426863588,1.18257503675464,1.43204181796272
"384","UlVugF","ebi-a-GCST90027158","Alzheimer's disease || id:ebi-a-GCST90027158","LRRC37A","Wald ratio",1,-0.116743901,0.021129152,3.29e-08,"Whole Blood",-0.15815703892,-0.07533076308,0.889813044216763,0.853715704848818,0.927436673779494
"385","VoBZeu","ebi-a-GCST90027158","Alzheimer's disease || id:ebi-a-GCST90027158","RP11-196G11.2","Wald ratio",1,-0.114568341,0.025325633,6.07e-06,"Whole Blood",-0.16420658168,-0.06493010032,0.891750993180995,0.848566705436646,0.937132966382525
"386","vz7zWA","ebi-a-GCST90027158","Alzheimer's disease || id:ebi-a-GCST90027158","INPP5D","Wald ratio",1,-0.349119306,0.047712972,2.53e-13,"Whole Blood",-0.44263673112,-0.25560188088,0.70530897765721,0.642340507026492,0.774450230870061
"387","WlDeb4","ebi-a-GCST90027158","Alzheimer's disease || id:ebi-a-GCST90027158","STYX","Wald ratio",1,0.64744971,0.116610566,2.82e-08,"Whole Blood",0.41889300064,0.87600641936,1.91066186841967,1.52027767734866,2.40129078379915
"388","XMSfYO","ebi-a-GCST90027158","Alzheimer's disease || id:ebi-a-GCST90027158","RNF167","Wald ratio",1,0.427919378,0.093025952,4.22e-06,"Whole Blood",0.24558851208,0.61025024392,1.53406239680326,1.2783734300746,1.84089201317993
"389","ygR7kX","ebi-a-GCST90027158","Alzheimer's disease || id:ebi-a-GCST90027158","LINC02210","Wald ratio",1,-0.092197471,0.017023665,6.1e-08,"Whole Blood",-0.1255638544,-0.0588310876,0.911925053011611,0.881999443083631,0.942866017469103
"390","yKiSlT","ebi-a-GCST90027158","Alzheimer's disease || id:ebi-a-GCST90027158","RP11-357P18.2","Wald ratio",1,0.353858561,0.057464211,7.37e-10,"Whole Blood",0.24122870744,0.46648841456,1.4245536847815,1.27281210362004,1.59438553031734
